id,strengths
1,Charisma
2,Patient
2,Curious
2,Problem Solving
3,Courteous
3,Independent
3,Patient
4,Passionate
5,Versatile
6,Versatile
6,Rational
7,Collaboration
8,Ambitious
8,Independent
8,Passionate
9,Reliable
9,Passionate
10,Altruism
10,Empathy
10,Problem Solving
11,Listening
11,Passionate
12,Organisation
12,Passionate
12,Versatile
13,Curious
13,Ambitious
13,Consistent
14,Versatile
14,Ambitious
15,Passionate
15,Versatile
16,Efficient
16,Independent
17,Problem Solving
17,Altruism
18,Independent
19,Problem Solving
19,Efficient
19,Patient
20,Determined
21,Composure
21,Independent
22,Competitive
22,Empathy
23,Problem Solving
24,Composure
24,Problem Solving
24,Efficient
25,Determined
25,Problem Solving
25,Patient
26,Perfectionism
26,Charisma
27,Reliable
28,Passionate
29,Perfectionism
30,Empathy
30,Charisma
31,Reliable
32,Efficient
32,Empathy
32,Independent
33,Collaboration
33,Curious
34,Reliable
35,Independent
35,Ambitious
36,Curious
37,Rational
37,Innovative
37,Collaboration
38,Curious
38,Passionate
39,Rational
39,Innovative
39,Passionate
40,Versatile
41,Ambitious
41,Independent
42,Efficient
43,Creative
43,Passionate
43,Reliable
44,Problem Solving
45,Consistent
45,Collaboration
46,Independent
46,Passionate
47,Passionate
48,Competitive
49,Versatile
49,Consistent
49,Passionate
50,Curious
50,Perfectionism
50,Determined
51,Courteous
51,Ambitious
51,Versatile
52,Independent
52,Competitive
52,Determined
53,Reliable
53,Curious
53,Courteous
54,Courteous
54,Determined
55,Independent
56,Charisma
56,Collaboration
56,Listening
57,Rational
57,Passionate
58,Curious
58,Empathy
58,Creative
59,Curious
59,Perfectionism
59,Determined
60,Curious
60,Perfectionism
60,Determined
61,Ambitious
62,Consistent
63,Perfectionism
64,Altruism
64,Empathy
64,Innovative
65,Rational
65,Organisation
65,Consistent
66,Charisma
67,Problem Solving
68,Versatile
69,Consistent
70,Composure
70,Charisma
70,Rational
71,Efficient
72,Passionate
72,Reliable
72,Altruism
73,Efficient
73,Perfectionism
74,Empathy
74,Curious
75,Courteous
75,Curious
75,Organisation
76,Organisation
76,Courteous
77,Rational
77,Charisma
78,Perfectionism
78,Ambitious
79,Charisma
79,Creative
79,Curious
80,Competitive
80,Versatile
81,Critical Thinking
82,Passionate
82,Altruism
82,Courteous
83,Curious
84,Versatile
84,Creative
85,Critical Thinking
86,Composure
86,Organisation
87,Ambitious
88,Perfectionism
88,Courteous
89,Altruism
89,Collaboration
90,Perfectionism
90,Collaboration
90,Patient
91,Passionate
91,Versatile
92,Listening
93,Patient
94,Consistent
94,Creative
95,Determined
96,Charisma
96,Altruism
96,Perfectionism
97,Altruism
98,Rational
98,Determined
98,Organisation
99,Courteous
99,Rational
100,Independent
100,Problem Solving
101,Listening
101,Independent
101,Organisation
102,Competitive
102,Charisma
103,Empathy
104,Altruism
105,Problem Solving
106,Charisma
106,Passionate
106,Creative
107,Perfectionism
107,Efficient
107,Listening
108,Reliable
108,Patient
108,Rational
109,Altruism
109,Competitive
109,Charisma
110,Listening
111,Perfectionism
111,Listening
111,Ambitious
112,Problem Solving
113,Composure
113,Versatile
114,Ambitious
114,Reliable
114,Determined
115,Rational
116,Listening
117,Problem Solving
117,Efficient
118,Independent
118,Perfectionism
119,Listening
120,Problem Solving
120,Altruism
120,Patient
121,Courteous
122,Consistent
122,Innovative
123,Efficient
123,Critical Thinking
123,Creative
124,Passionate
124,Composure
124,Determined
125,Collaboration
125,Determined
125,Consistent
126,Creative
127,Competitive
127,Critical Thinking
127,Courteous
128,Empathy
128,Courteous
129,Efficient
129,Passionate
130,Competitive
130,Empathy
131,Innovative
131,Consistent
131,Collaboration
132,Curious
132,Perfectionism
132,Critical Thinking
133,Innovative
133,Empathy
134,Curious
134,Altruism
134,Collaboration
135,Courteous
135,Reliable
136,Altruism
136,Collaboration
137,Consistent
137,Independent
138,Patient
138,Perfectionism
139,Versatile
139,Problem Solving
140,Organisation
140,Patient
140,Problem Solving
141,Courteous
141,Empathy
141,Organisation
142,Creative
142,Reliable
143,Problem Solving
143,Courteous
144,Passionate
144,Versatile
145,Altruism
145,Efficient
145,Competitive
146,Composure
146,Independent
146,Innovative
147,Perfectionism
148,Altruism
149,Composure
149,Independent
150,Independent
151,Efficient
151,Competitive
152,Collaboration
152,Perfectionism
153,Altruism
153,Collaboration
153,Empathy
154,Critical Thinking
154,Innovative
155,Critical Thinking
155,Innovative
156,Courteous
156,Efficient
157,Problem Solving
157,Altruism
157,Ambitious
158,Innovative
158,Efficient
159,Consistent
159,Efficient
160,Perfectionism
161,Independent
162,Competitive
163,Consistent
163,Independent
163,Composure
164,Problem Solving
164,Ambitious
164,Courteous
165,Charisma
165,Courteous
165,Collaboration
166,Creative
166,Listening
166,Altruism
167,Altruism
167,Problem Solving
167,Versatile
168,Collaboration
168,Curious
168,Passionate
169,Altruism
170,Problem Solving
170,Passionate
171,Courteous
171,Versatile
171,Organisation
172,Composure
172,Patient
173,Altruism
173,Innovative
174,Efficient
174,Empathy
175,Creative
175,Critical Thinking
176,Collaboration
176,Problem Solving
177,Empathy
177,Competitive
178,Rational
178,Innovative
178,Versatile
179,Collaboration
180,Courteous
181,Creative
181,Empathy
181,Innovative
182,Collaboration
182,Consistent
183,Competitive
183,Listening
183,Curious
184,Independent
184,Critical Thinking
185,Curious
185,Reliable
185,Competitive
186,Creative
187,Organisation
188,Problem Solving
189,Competitive
189,Consistent
190,Listening
190,Organisation
190,Consistent
191,Independent
192,Innovative
193,Critical Thinking
194,Reliable
194,Determined
194,Consistent
195,Efficient
195,Creative
196,Listening
197,Consistent
198,Organisation
198,Ambitious
199,Collaboration
199,Efficient
199,Organisation
200,Efficient
201,Independent
201,Competitive
201,Consistent
202,Consistent
203,Rational
203,Courteous
203,Efficient
204,Courteous
204,Passionate
205,Courteous
205,Ambitious
205,Organisation
206,Collaboration
206,Patient
206,Determined
207,Ambitious
207,Empathy
208,Organisation
208,Altruism
209,Problem Solving
210,Altruism
210,Rational
210,Collaboration
211,Rational
211,Curious
211,Courteous
212,Rational
212,Curious
212,Courteous
213,Ambitious
213,Determined
214,Versatile
215,Consistent
216,Empathy
217,Versatile
217,Critical Thinking
218,Collaboration
218,Perfectionism
218,Independent
219,Organisation
220,Efficient
221,Courteous
222,Rational
222,Courteous
223,Empathy
224,Perfectionism
224,Innovative
224,Creative
225,Curious
226,Versatile
227,Independent
227,Patient
227,Passionate
228,Altruism
229,Listening
230,Independent
230,Listening
231,Curious
231,Ambitious
231,Patient
232,Listening
233,Patient
233,Competitive
234,Perfectionism
235,Perfectionism
235,Competitive
236,Charisma
236,Creative
236,Curious
237,Curious
238,Ambitious
238,Patient
239,Determined
239,Collaboration
240,Curious
240,Perfectionism
241,Determined
241,Patient
241,Critical Thinking
242,Courteous
242,Patient
243,Courteous
244,Organisation
244,Empathy
244,Innovative
245,Determined
245,Critical Thinking
245,Ambitious
246,Problem Solving
246,Patient
246,Ambitious
247,Perfectionism
248,Altruism
249,Innovative
249,Listening
249,Courteous
250,Creative
251,Efficient
251,Independent
251,Critical Thinking
252,Ambitious
253,Altruism
254,Organisation
254,Composure
254,Reliable
255,Problem Solving
255,Charisma
255,Collaboration
256,Patient
256,Listening
257,Problem Solving
257,Listening
258,Creative
258,Versatile
259,Consistent
259,Altruism
260,Competitive
261,Altruism
261,Curious
262,Problem Solving
263,Innovative
264,Empathy
264,Independent
264,Critical Thinking
265,Versatile
266,Consistent
266,Altruism
267,Problem Solving
268,Passionate
268,Organisation
268,Critical Thinking
269,Competitive
269,Versatile
270,Courteous
271,Problem Solving
271,Rational
272,Consistent
272,Creative
272,Organisation
273,Consistent
274,Determined
274,Patient
275,Listening
276,Charisma
276,Perfectionism
276,Rational
277,Innovative
278,Listening
278,Curious
279,Versatile
279,Empathy
280,Passionate
280,Efficient
280,Charisma
281,Courteous
281,Independent
282,Reliable
283,Altruism
284,Innovative
285,Altruism
285,Charisma
286,Creative
286,Empathy
287,Listening
287,Determined
288,Creative
288,Ambitious
289,Collaboration
289,Ambitious
290,Reliable
290,Determined
291,Altruism
291,Listening
291,Problem Solving
292,Rational
292,Listening
292,Organisation
293,Composure
293,Collaboration
294,Listening
294,Reliable
294,Passionate
295,Composure
296,Competitive
296,Ambitious
297,Listening
297,Reliable
297,Efficient
298,Creative
299,Composure
299,Innovative
300,Composure
301,Rational
302,Organisation
303,Problem Solving
303,Competitive
303,Versatile
304,Consistent
304,Innovative
304,Rational
305,Competitive
305,Listening
306,Collaboration
306,Creative
306,Rational
307,Altruism
307,Efficient
307,Critical Thinking
308,Passionate
309,Curious
309,Passionate
309,Listening
310,Courteous
310,Altruism
310,Independent
311,Independent
311,Problem Solving
311,Passionate
312,Reliable
313,Empathy
313,Consistent
313,Patient
314,Organisation
315,Altruism
315,Problem Solving
315,Listening
316,Problem Solving
316,Passionate
316,Altruism
317,Courteous
318,Curious
319,Problem Solving
320,Empathy
320,Organisation
321,Versatile
321,Critical Thinking
322,Determined
322,Critical Thinking
323,Problem Solving
323,Reliable
323,Charisma
324,Determined
325,Independent
325,Competitive
326,Rational
326,Composure
327,Critical Thinking
328,Problem Solving
328,Ambitious
328,Perfectionism
329,Critical Thinking
330,Innovative
331,Determined
331,Curious
332,Creative
332,Perfectionism
332,Consistent
333,Creative
333,Efficient
333,Ambitious
334,Ambitious
334,Passionate
335,Curious
335,Composure
335,Independent
336,Creative
336,Innovative
337,Efficient
337,Empathy
337,Curious
338,Versatile
338,Competitive
338,Rational
339,Organisation
340,Problem Solving
340,Innovative
340,Critical Thinking
341,Organisation
341,Collaboration
341,Altruism
342,Perfectionism
343,Determined
343,Creative
344,Listening
345,Courteous
345,Critical Thinking
345,Innovative
346,Altruism
346,Empathy
346,Perfectionism
347,Determined
347,Critical Thinking
348,Altruism
348,Creative
348,Problem Solving
349,Competitive
349,Listening
350,Collaboration
350,Consistent
351,Perfectionism
352,Independent
352,Collaboration
352,Creative
353,Determined
353,Independent
353,Courteous
354,Creative
354,Efficient
355,Creative
355,Efficient
356,Perfectionism
357,Courteous
358,Altruism
358,Collaboration
358,Composure
359,Independent
359,Problem Solving
360,Problem Solving
361,Patient
361,Ambitious
361,Passionate
362,Determined
363,Determined
363,Listening
364,Rational
365,Determined
365,Passionate
366,Perfectionism
366,Patient
366,Organisation
367,Independent
367,Composure
367,Altruism
368,Independent
368,Consistent
369,Empathy
369,Perfectionism
370,Versatile
370,Passionate
370,Efficient
371,Composure
371,Versatile
371,Problem Solving
372,Collaboration
372,Empathy
373,Altruism
374,Listening
375,Perfectionism
376,Courteous
377,Problem Solving
377,Perfectionism
378,Versatile
378,Ambitious
379,Creative
379,Listening
380,Courteous
380,Altruism
381,Competitive
381,Independent
382,Courteous
382,Patient
382,Creative
383,Innovative
383,Reliable
383,Curious
384,Ambitious
385,Independent
385,Critical Thinking
385,Ambitious
386,Collaboration
386,Innovative
387,Altruism
387,Organisation
387,Collaboration
388,Altruism
388,Competitive
388,Critical Thinking
389,Composure
389,Rational
390,Competitive
391,Consistent
391,Perfectionism
392,Perfectionism
392,Rational
393,Passionate
393,Organisation
394,Efficient
394,Innovative
395,Efficient
396,Innovative
396,Listening
396,Competitive
397,Organisation
397,Charisma
397,Problem Solving
398,Listening
398,Collaboration
398,Independent
399,Perfectionism
399,Efficient
399,Passionate
400,Rational
400,Courteous
401,Versatile
401,Courteous
402,Creative
402,Charisma
403,Determined
404,Versatile
404,Curious
404,Determined
405,Organisation
406,Innovative
406,Versatile
407,Patient
407,Determined
407,Innovative
408,Empathy
408,Competitive
409,Consistent
410,Perfectionism
410,Independent
410,Critical Thinking
411,Listening
411,Rational
412,Perfectionism
412,Charisma
413,Creative
414,Patient
414,Perfectionism
415,Determined
415,Listening
416,Independent
417,Versatile
417,Determined
417,Problem Solving
418,Composure
419,Perfectionism
420,Independent
421,Problem Solving
422,Independent
423,Innovative
423,Patient
424,Collaboration
424,Organisation
424,Ambitious
425,Independent
425,Listening
425,Reliable
426,Rational
426,Organisation
427,Creative
427,Consistent
428,Versatile
428,Organisation
428,Critical Thinking
429,Courteous
430,Organisation
430,Creative
430,Consistent
431,Collaboration
431,Rational
432,Collaboration
432,Competitive
433,Patient
433,Collaboration
433,Competitive
434,Versatile
434,Composure
435,Altruism
436,Composure
436,Efficient
437,Altruism
438,Altruism
438,Perfectionism
439,Determined
439,Reliable
439,Creative
440,Collaboration
440,Problem Solving
440,Organisation
441,Empathy
441,Efficient
441,Listening
442,Innovative
442,Charisma
442,Critical Thinking
443,Charisma
443,Critical Thinking
444,Courteous
444,Organisation
444,Listening
445,Efficient
445,Consistent
446,Courteous
446,Passionate
446,Empathy
447,Composure
447,Listening
448,Composure
448,Organisation
448,Consistent
449,Composure
450,Determined
450,Curious
451,Innovative
451,Competitive
452,Reliable
452,Rational
452,Independent
453,Determined
454,Creative
454,Collaboration
455,Curious
456,Reliable
456,Versatile
456,Innovative
457,Ambitious
457,Determined
458,Reliable
458,Empathy
458,Curious
459,Determined
459,Empathy
459,Organisation
460,Composure
460,Independent
461,Versatile
462,Collaboration
462,Charisma
463,Consistent
463,Competitive
463,Charisma
464,Passionate
464,Altruism
465,Listening
465,Competitive
465,Charisma
466,Altruism
467,Altruism
468,Problem Solving
468,Reliable
468,Consistent
469,Curious
469,Organisation
469,Versatile
470,Efficient
470,Charisma
471,Innovative
471,Composure
472,Reliable
473,Curious
473,Passionate
474,Empathy
474,Organisation
475,Listening
476,Altruism
476,Passionate
476,Rational
477,Competitive
477,Collaboration
478,Passionate
478,Empathy
479,Listening
479,Altruism
479,Problem Solving
480,Creative
480,Perfectionism
480,Passionate
481,Organisation
481,Passionate
481,Consistent
482,Competitive
482,Collaboration
482,Courteous
483,Altruism
483,Efficient
483,Rational
484,Empathy
484,Listening
484,Competitive
485,Versatile
486,Problem Solving
486,Critical Thinking
487,Courteous
488,Efficient
489,Composure
489,Reliable
489,Creative
490,Listening
491,Collaboration
491,Independent
491,Ambitious
492,Charisma
493,Courteous
493,Rational
493,Problem Solving
494,Composure
494,Courteous
494,Passionate
495,Problem Solving
495,Patient
496,Curious
497,Innovative
497,Listening
497,Perfectionism
498,Rational
498,Perfectionism
498,Curious
499,Perfectionism
499,Patient
499,Creative
500,Critical Thinking
501,Creative
501,Problem Solving
502,Innovative
502,Patient
503,Organisation
503,Competitive
503,Reliable
504,Altruism
504,Problem Solving
504,Versatile
505,Perfectionism
506,Collaboration
506,Charisma
506,Critical Thinking
507,Independent
508,Problem Solving
508,Patient
509,Listening
509,Versatile
510,Versatile
510,Reliable
510,Consistent
511,Courteous
512,Composure
512,Competitive
513,Organisation
513,Problem Solving
514,Creative
514,Patient
514,Composure
515,Empathy
515,Collaboration
516,Problem Solving
517,Innovative
517,Altruism
517,Determined
518,Collaboration
518,Efficient
519,Reliable
520,Composure
520,Reliable
520,Consistent
521,Consistent
521,Composure
522,Composure
522,Innovative
523,Courteous
523,Composure
524,Competitive
525,Courteous
525,Problem Solving
525,Rational
526,Altruism
526,Consistent
527,Determined
527,Charisma
527,Composure
528,Composure
528,Patient
529,Courteous
529,Rational
529,Creative
530,Composure
531,Critical Thinking
531,Versatile
532,Composure
532,Collaboration
532,Versatile
533,Ambitious
533,Charisma
534,Patient
535,Creative
535,Consistent
536,Patient
536,Organisation
536,Efficient
537,Versatile
537,Courteous
537,Listening
538,Organisation
539,Rational
539,Composure
540,Critical Thinking
540,Organisation
540,Perfectionism
541,Listening
541,Courteous
542,Competitive
543,Problem Solving
544,Ambitious
545,Rational
546,Ambitious
546,Collaboration
547,Reliable
547,Rational
547,Charisma
548,Altruism
548,Composure
549,Charisma
549,Critical Thinking
549,Problem Solving
550,Efficient
550,Competitive
551,Patient
552,Consistent
553,Ambitious
553,Efficient
553,Versatile
554,Rational
554,Listening
555,Creative
555,Innovative
555,Collaboration
556,Innovative
556,Altruism
556,Consistent
557,Consistent
558,Listening
558,Composure
559,Composure
559,Determined
560,Empathy
560,Versatile
560,Organisation
561,Organisation
561,Curious
562,Charisma
562,Determined
563,Altruism
564,Creative
565,Rational
565,Competitive
566,Efficient
566,Patient
567,Rational
568,Curious
568,Problem Solving
569,Problem Solving
569,Creative
569,Versatile
570,Consistent
571,Innovative
571,Creative
572,Efficient
572,Reliable
572,Perfectionism
573,Rational
574,Independent
575,Curious
576,Ambitious
576,Altruism
576,Reliable
577,Composure
577,Efficient
578,Courteous
579,Patient
579,Altruism
579,Creative
580,Composure
581,Consistent
581,Independent
581,Curious
582,Collaboration
583,Collaboration
583,Determined
584,Reliable
584,Consistent
585,Altruism
586,Passionate
586,Ambitious
586,Reliable
587,Versatile
588,Independent
588,Collaboration
589,Composure
589,Patient
589,Charisma
590,Problem Solving
590,Ambitious
590,Patient
591,Ambitious
591,Consistent
592,Reliable
592,Patient
593,Innovative
593,Curious
593,Problem Solving
594,Rational
594,Reliable
594,Critical Thinking
595,Independent
595,Altruism
596,Competitive
596,Rational
597,Altruism
597,Charisma
598,Consistent
599,Ambitious
600,Problem Solving
600,Listening
601,Ambitious
601,Patient
602,Listening
603,Composure
604,Problem Solving
604,Empathy
604,Altruism
605,Organisation
606,Independent
607,Perfectionism
607,Independent
608,Competitive
609,Passionate
609,Ambitious
610,Perfectionism
611,Problem Solving
612,Composure
612,Empathy
613,Versatile
613,Perfectionism
614,Determined
614,Problem Solving
615,Perfectionism
616,Problem Solving
616,Organisation
617,Efficient
618,Independent
618,Efficient
619,Courteous
620,Versatile
620,Charisma
621,Organisation
621,Independent
621,Altruism
622,Ambitious
623,Patient
623,Innovative
624,Critical Thinking
624,Creative
624,Courteous
625,Determined
625,Creative
625,Rational
626,Determined
627,Composure
628,Independent
629,Creative
629,Independent
629,Organisation
630,Perfectionism
630,Efficient
630,Creative
631,Competitive
632,Organisation
632,Curious
633,Composure
633,Competitive
633,Independent
634,Organisation
635,Listening
635,Altruism
635,Competitive
636,Listening
636,Ambitious
637,Rational
638,Passionate
638,Creative
639,Competitive
639,Collaboration
639,Problem Solving
640,Listening
640,Independent
641,Competitive
641,Versatile
641,Determined
642,Empathy
642,Creative
642,Patient
643,Composure
643,Consistent
644,Collaboration
644,Charisma
644,Curious
645,Perfectionism
645,Courteous
645,Composure
646,Reliable
646,Critical Thinking
647,Curious
647,Versatile
647,Ambitious
648,Independent
649,Competitive
649,Rational
649,Reliable
650,Courteous
651,Ambitious
651,Rational
651,Consistent
652,Determined
652,Patient
653,Perfectionism
653,Versatile
654,Competitive
655,Organisation
656,Reliable
657,Consistent
658,Composure
659,Empathy
659,Rational
659,Reliable
660,Rational
660,Determined
660,Independent
661,Consistent
662,Versatile
662,Ambitious
663,Versatile
663,Critical Thinking
664,Curious
665,Reliable
665,Ambitious
665,Curious
666,Perfectionism
666,Ambitious
666,Innovative
667,Passionate
668,Empathy
668,Perfectionism
668,Consistent
669,Charisma
669,Independent
669,Patient
670,Organisation
670,Charisma
671,Perfectionism
671,Charisma
672,Listening
672,Collaboration
673,Problem Solving
674,Reliable
674,Problem Solving
674,Innovative
675,Patient
676,Critical Thinking
677,Consistent
677,Competitive
678,Organisation
678,Problem Solving
678,Collaboration
679,Altruism
679,Competitive
680,Independent
680,Collaboration
681,Versatile
681,Curious
681,Organisation
682,Listening
682,Problem Solving
683,Altruism
683,Listening
684,Creative
684,Determined
684,Altruism
685,Courteous
685,Listening
686,Independent
687,Rational
687,Reliable
687,Passionate
688,Perfectionism
688,Determined
689,Competitive
690,Organisation
691,Collaboration
691,Courteous
691,Versatile
692,Rational
692,Versatile
692,Charisma
693,Critical Thinking
694,Problem Solving
695,Determined
695,Reliable
695,Creative
696,Collaboration
696,Competitive
696,Rational
697,Determined
697,Independent
697,Versatile
698,Empathy
699,Patient
699,Listening
700,Innovative
700,Determined
701,Innovative
701,Determined
702,Empathy
703,Ambitious
704,Problem Solving
704,Composure
704,Collaboration
705,Problem Solving
705,Competitive
705,Rational
706,Composure
707,Composure
708,Perfectionism
709,Organisation
709,Consistent
709,Determined
710,Organisation
710,Passionate
710,Patient
711,Determined
711,Ambitious
712,Innovative
713,Critical Thinking
714,Reliable
714,Organisation
715,Problem Solving
715,Empathy
716,Innovative
716,Courteous
716,Consistent
717,Reliable
717,Versatile
717,Determined
718,Rational
719,Reliable
719,Critical Thinking
720,Passionate
720,Creative
721,Curious
721,Ambitious
722,Efficient
722,Competitive
723,Organisation
723,Consistent
723,Ambitious
724,Organisation
725,Ambitious
726,Courteous
726,Creative
726,Versatile
727,Organisation
728,Consistent
728,Rational
728,Critical Thinking
729,Curious
729,Empathy
729,Determined
730,Problem Solving
731,Rational
731,Empathy
731,Critical Thinking
732,Altruism
732,Innovative
732,Competitive
733,Listening
733,Altruism
733,Passionate
734,Composure
734,Perfectionism
735,Innovative
735,Consistent
736,Charisma
736,Collaboration
736,Problem Solving
737,Competitive
737,Versatile
738,Composure
738,Organisation
739,Determined
740,Patient
740,Consistent
741,Patient
741,Independent
741,Curious
742,Innovative
742,Listening
743,Creative
743,Innovative
743,Determined
744,Listening
744,Creative
744,Efficient
745,Independent
746,Curious
746,Perfectionism
747,Collaboration
747,Determined
747,Independent
748,Patient
749,Critical Thinking
749,Determined
749,Curious
750,Creative
750,Independent
750,Reliable
751,Listening
751,Empathy
752,Passionate
753,Ambitious
753,Consistent
753,Passionate
754,Patient
754,Ambitious
755,Altruism
755,Independent
756,Problem Solving
756,Innovative
756,Listening
757,Empathy
758,Rational
758,Reliable
758,Competitive
759,Empathy
760,Courteous
760,Efficient
760,Problem Solving
761,Ambitious
762,Composure
762,Courteous
763,Consistent
764,Creative
765,Reliable
765,Perfectionism
765,Ambitious
766,Organisation
766,Reliable
766,Creative
767,Reliable
768,Listening
769,Versatile
770,Innovative
770,Creative
771,Composure
771,Empathy
771,Courteous
772,Altruism
773,Collaboration
774,Courteous
774,Problem Solving
775,Collaboration
775,Composure
776,Efficient
776,Empathy
776,Curious
777,Efficient
777,Empathy
777,Curious
778,Consistent
779,Curious
779,Versatile
780,Patient
780,Courteous
781,Altruism
781,Efficient
781,Courteous
782,Reliable
783,Charisma
784,Innovative
785,Charisma
786,Versatile
787,Courteous
788,Charisma
789,Organisation
789,Charisma
790,Organisation
790,Efficient
790,Critical Thinking
791,Rational
791,Problem Solving
791,Critical Thinking
792,Innovative
792,Creative
792,Passionate
793,Organisation
793,Charisma
794,Patient
795,Determined
795,Perfectionism
796,Courteous
796,Ambitious
797,Listening
798,Organisation
798,Collaboration
799,Reliable
800,Independent
800,Creative
800,Composure
801,Innovative
801,Empathy
802,Empathy
802,Critical Thinking
803,Critical Thinking
804,Composure
804,Charisma
805,Courteous
806,Perfectionism
806,Empathy
807,Critical Thinking
807,Courteous
807,Empathy
808,Versatile
808,Passionate
809,Independent
810,Determined
811,Altruism
812,Rational
812,Determined
812,Charisma
813,Versatile
813,Perfectionism
813,Critical Thinking
814,Patient
815,Altruism
816,Curious
816,Consistent
817,Perfectionism
817,Composure
817,Passionate
818,Curious
818,Creative
818,Critical Thinking
819,Listening
819,Independent
820,Patient
820,Collaboration
821,Critical Thinking
821,Ambitious
822,Ambitious
823,Critical Thinking
823,Passionate
824,Versatile
824,Charisma
824,Collaboration
825,Consistent
825,Creative
825,Passionate
826,Listening
826,Critical Thinking
826,Consistent
827,Critical Thinking
828,Curious
829,Courteous
829,Determined
830,Independent
831,Competitive
831,Patient
831,Problem Solving
832,Competitive
832,Patient
832,Problem Solving
833,Reliable
834,Courteous
835,Reliable
836,Perfectionism
836,Passionate
837,Charisma
837,Reliable
837,Organisation
838,Patient
838,Collaboration
839,Consistent
840,Efficient
841,Versatile
841,Composure
841,Efficient
842,Independent
842,Determined
842,Listening
843,Critical Thinking
844,Versatile
844,Altruism
844,Critical Thinking
845,Empathy
845,Determined
845,Courteous
846,Critical Thinking
846,Collaboration
847,Competitive
847,Problem Solving
848,Determined
848,Passionate
848,Rational
849,Perfectionism
849,Versatile
850,Consistent
850,Creative
851,Competitive
851,Efficient
852,Altruism
853,Altruism
854,Composure
854,Passionate
854,Courteous
855,Perfectionism
856,Independent
856,Perfectionism
856,Collaboration
857,Creative
858,Critical Thinking
858,Courteous
859,Listening
859,Perfectionism
860,Perfectionism
860,Collaboration
860,Ambitious
861,Competitive
862,Empathy
862,Composure
863,Consistent
863,Charisma
863,Composure
864,Critical Thinking
864,Patient
864,Collaboration
865,Independent
866,Empathy
866,Composure
867,Determined
867,Charisma
868,Creative
868,Innovative
868,Charisma
869,Charisma
870,Creative
871,Competitive
872,Listening
872,Ambitious
872,Efficient
873,Courteous
874,Listening
874,Independent
875,Competitive
876,Curious
877,Creative
878,Perfectionism
878,Rational
878,Reliable
879,Reliable
879,Problem Solving
879,Empathy
880,Listening
880,Competitive
881,Competitive
882,Problem Solving
883,Reliable
883,Critical Thinking
883,Organisation
884,Determined
885,Altruism
885,Independent
885,Ambitious
886,Passionate
886,Competitive
886,Ambitious
887,Curious
887,Innovative
888,Listening
888,Innovative
888,Composure
889,Listening
889,Innovative
889,Composure
890,Competitive
890,Creative
891,Efficient
891,Altruism
892,Empathy
892,Listening
893,Critical Thinking
893,Consistent
893,Courteous
894,Organisation
895,Determined
895,Rational
896,Determined
896,Rational
897,Altruism
897,Critical Thinking
898,Efficient
898,Charisma
899,Competitive
899,Reliable
899,Listening
900,Organisation
901,Passionate
902,Rational
902,Independent
903,Critical Thinking
904,Consistent
904,Ambitious
904,Critical Thinking
905,Organisation
905,Perfectionism
906,Empathy
906,Rational
906,Listening
907,Ambitious
907,Organisation
908,Passionate
908,Efficient
908,Independent
909,Collaboration
909,Competitive
910,Passionate
910,Creative
910,Empathy
911,Determined
912,Composure
913,Organisation
913,Reliable
914,Innovative
915,Rational
915,Reliable
916,Independent
917,Charisma
917,Curious
918,Curious
918,Consistent
919,Independent
919,Passionate
919,Courteous
920,Problem Solving
920,Composure
921,Problem Solving
921,Curious
921,Independent
922,Passionate
922,Courteous
923,Curious
923,Collaboration
924,Collaboration
924,Competitive
925,Passionate
925,Listening
926,Consistent
926,Independent
926,Perfectionism
927,Empathy
927,Versatile
927,Consistent
928,Collaboration
928,Creative
929,Consistent
929,Altruism
930,Organisation
930,Passionate
930,Curious
931,Determined
932,Reliable
932,Rational
933,Organisation
933,Perfectionism
934,Patient
934,Perfectionism
934,Empathy
935,Collaboration
935,Problem Solving
936,Determined
936,Problem Solving
936,Ambitious
937,Composure
938,Determined
938,Charisma
939,Listening
939,Curious
939,Critical Thinking
940,Determined
941,Passionate
941,Altruism
941,Creative
942,Curious
942,Reliable
943,Organisation
943,Critical Thinking
943,Curious
944,Passionate
944,Courteous
944,Critical Thinking
945,Independent
946,Composure
947,Collaboration
948,Courteous
949,Composure
950,Passionate
950,Courteous
951,Collaboration
951,Determined
951,Efficient
952,Independent
953,Reliable
954,Listening
954,Patient
954,Collaboration
955,Composure
955,Efficient
956,Patient
957,Listening
958,Independent
958,Perfectionism
959,Determined
960,Organisation
960,Creative
960,Ambitious
961,Organisation
961,Creative
961,Consistent
962,Altruism
963,Problem Solving
964,Reliable
964,Creative
965,Determined
965,Charisma
966,Independent
966,Organisation
966,Ambitious
967,Collaboration
967,Empathy
968,Ambitious
968,Composure
969,Independent
970,Altruism
971,Rational
971,Altruism
972,Courteous
972,Independent
972,Critical Thinking
973,Empathy
974,Independent
974,Listening
974,Passionate
975,Composure
975,Patient
976,Efficient
976,Passionate
976,Critical Thinking
977,Critical Thinking
977,Composure
977,Perfectionism
978,Versatile
978,Ambitious
979,Independent
979,Ambitious
979,Charisma
980,Competitive
980,Independent
980,Critical Thinking
981,Empathy
981,Courteous
981,Innovative
982,Problem Solving
982,Versatile
982,Consistent
983,Innovative
984,Rational
984,Patient
984,Altruism
985,Courteous
985,Reliable
986,Organisation
986,Consistent
987,Rational
987,Independent
988,Creative
988,Rational
988,Problem Solving
989,Listening
989,Curious
989,Courteous
990,Organisation
990,Ambitious
990,Rational
991,Consistent
992,Altruism
993,Perfectionism
993,Organisation
994,Consistent
994,Collaboration
995,Passionate
995,Independent
996,Collaboration
996,Passionate
996,Versatile
997,Composure
997,Determined
998,Reliable
998,Listening
998,Consistent
999,Efficient
1000,Competitive
1001,Rational
1001,Ambitious
1002,Ambitious
1002,Determined
1003,Critical Thinking
1003,Reliable
1004,Rational
1005,Creative
1005,Curious
1005,Competitive
1006,Critical Thinking
1006,Composure
1006,Reliable
1007,Innovative
1007,Rational
1008,Reliable
1008,Rational
1009,Efficient
1009,Competitive
1010,Collaboration
1010,Problem Solving
1011,Creative
1012,Creative
1013,Competitive
1014,Charisma
1014,Creative
1015,Problem Solving
1016,Critical Thinking
1017,Empathy
1018,Independent
1018,Versatile
1018,Altruism
1019,Problem Solving
1019,Innovative
1020,Problem Solving
1020,Innovative
1021,Rational
1021,Patient
1021,Listening
1022,Listening
1023,Problem Solving
1024,Altruism
1024,Empathy
1024,Courteous
1025,Independent
1025,Altruism
1026,Rational
1026,Independent
1027,Reliable
1027,Versatile
1028,Listening
1028,Determined
1028,Innovative
1029,Collaboration
1029,Ambitious
1030,Ambitious
1031,Ambitious
1031,Organisation
1031,Listening
1032,Passionate
1032,Creative
1033,Rational
1033,Ambitious
1034,Altruism
1034,Consistent
1034,Problem Solving
1035,Consistent
1036,Creative
1037,Altruism
1037,Reliable
1038,Collaboration
1038,Patient
1039,Versatile
1039,Problem Solving
1040,Critical Thinking
1041,Determined
1041,Versatile
1042,Organisation
1043,Rational
1044,Innovative
1045,Consistent
1045,Reliable
1046,Ambitious
1046,Empathy
1047,Reliable
1048,Collaboration
1048,Passionate
1049,Independent
1050,Versatile
1050,Independent
1050,Organisation
1051,Independent
1051,Patient
1052,Patient
1052,Altruism
1052,Composure
1053,Competitive
1053,Consistent
1054,Determined
1055,Courteous
1055,Listening
1055,Critical Thinking
1056,Curious
1056,Composure
1057,Innovative
1057,Curious
1057,Rational
1058,Competitive
1058,Passionate
1059,Problem Solving
1059,Versatile
1059,Composure
1060,Altruism
1061,Composure
1062,Empathy
1063,Reliable
1063,Patient
1064,Composure
1064,Rational
1064,Critical Thinking
1065,Ambitious
1065,Passionate
1065,Critical Thinking
1066,Ambitious
1067,Empathy
1067,Curious
1067,Courteous
1068,Collaboration
1069,Versatile
1069,Altruism
1069,Creative
1070,Determined
1071,Innovative
1071,Problem Solving
1071,Collaboration
1072,Altruism
1072,Collaboration
1073,Independent
1073,Efficient
1073,Organisation
1074,Composure
1074,Competitive
1074,Determined
1075,Altruism
1075,Empathy
1076,Charisma
1076,Innovative
1076,Problem Solving
1077,Problem Solving
1077,Patient
1078,Patient
1078,Consistent
1078,Organisation
1079,Courteous
1079,Ambitious
1079,Critical Thinking
1080,Empathy
1080,Independent
1081,Versatile
1081,Reliable
1082,Charisma
1083,Altruism
1083,Patient
1084,Empathy
1084,Reliable
1084,Collaboration
1085,Altruism
1085,Passionate
1086,Courteous
1086,Patient
1086,Critical Thinking
1087,Innovative
1088,Versatile
1088,Organisation
1088,Charisma
1089,Consistent
1089,Organisation
1089,Versatile
1090,Altruism
1091,Consistent
1091,Composure
1092,Courteous
1093,Competitive
1094,Versatile
1094,Reliable
1095,Competitive
1095,Courteous
1095,Consistent
1096,Charisma
1096,Composure
1096,Efficient
1097,Collaboration
1098,Organisation
1098,Consistent
1098,Passionate
1099,Charisma
1100,Reliable
1101,Consistent
1102,Patient
1103,Organisation
1104,Collaboration
1104,Passionate
1104,Problem Solving
1105,Versatile
1106,Composure
1106,Empathy
1107,Courteous
1107,Charisma
1107,Rational
1108,Collaboration
1109,Determined
1109,Organisation
1109,Independent
1110,Ambitious
1111,Consistent
1111,Perfectionism
1111,Listening
1112,Listening
1113,Curious
1114,Passionate
1114,Collaboration
1114,Efficient
1115,Empathy
1115,Organisation
1116,Efficient
1117,Creative
1118,Rational
1118,Versatile
1119,Competitive
1119,Consistent
1120,Empathy
1120,Ambitious
1120,Independent
1121,Passionate
1121,Composure
1122,Creative
1122,Consistent
1123,Ambitious
1123,Problem Solving
1123,Curious
1124,Competitive
1124,Consistent
1124,Problem Solving
1125,Determined
1125,Rational
1125,Problem Solving
1126,Independent
1127,Independent
1127,Versatile
1127,Charisma
1128,Collaboration
1128,Competitive
1129,Patient
1130,Consistent
1130,Altruism
1130,Efficient
1131,Perfectionism
1131,Collaboration
1131,Creative
1132,Empathy
1132,Ambitious
1132,Creative
1133,Ambitious
1134,Altruism
1135,Determined
1136,Efficient
1136,Collaboration
1136,Reliable
1137,Critical Thinking
1137,Reliable
1137,Perfectionism
1138,Innovative
1138,Creative
1138,Independent
1139,Ambitious
1139,Organisation
1139,Independent
1140,Critical Thinking
1140,Courteous
1140,Perfectionism
1141,Collaboration
1141,Altruism
1142,Perfectionism
1142,Altruism
1143,Passionate
1144,Charisma
1145,Courteous
1145,Composure
1146,Composure
1147,Reliable
1147,Curious
1148,Patient
1148,Organisation
1148,Creative
1149,Independent
1150,Rational
1150,Organisation
1151,Reliable
1151,Creative
1152,Problem Solving
1152,Altruism
1152,Composure
1153,Patient
1153,Organisation
1153,Curious
1154,Innovative
1155,Listening
1156,Collaboration
1156,Versatile
1156,Competitive
1157,Organisation
1157,Curious
1157,Determined
1158,Problem Solving
1159,Curious
1159,Altruism
1160,Ambitious
1160,Independent
1161,Consistent
1161,Versatile
1162,Problem Solving
1162,Ambitious
1163,Consistent
1164,Collaboration
1164,Innovative
1164,Ambitious
1165,Independent
1166,Problem Solving
1166,Competitive
1166,Versatile
1167,Curious
1167,Creative
1167,Charisma
1168,Rational
1168,Versatile
1168,Passionate
1169,Passionate
1169,Patient
1169,Versatile
1170,Altruism
1171,Independent
1171,Empathy
1172,Critical Thinking
1172,Rational
1173,Consistent
1173,Reliable
1173,Charisma
1174,Patient
1175,Rational
1176,Versatile
1176,Independent
1176,Determined
1177,Courteous
1177,Independent
1178,Critical Thinking
1178,Empathy
1179,Reliable
1180,Innovative
1181,Efficient
1181,Reliable
1181,Charisma
1182,Independent
1182,Curious
1182,Reliable
1183,Passionate
1183,Listening
1184,Independent
1184,Passionate
1184,Charisma
1185,Curious
1185,Problem Solving
1186,Creative
1186,Innovative
1186,Ambitious
1187,Curious
1187,Patient
1188,Innovative
1188,Perfectionism
1188,Determined
1189,Ambitious
1190,Composure
1190,Organisation
1190,Charisma
1191,Patient
1191,Efficient
1191,Passionate
1192,Competitive
1192,Independent
1192,Efficient
1193,Curious
1194,Independent
1195,Creative
1195,Passionate
1195,Listening
1196,Determined
1196,Collaboration
1197,Perfectionism
1197,Creative
1197,Critical Thinking
1198,Versatile
1198,Reliable
1199,Courteous
1199,Charisma
1200,Critical Thinking
1200,Collaboration
1200,Innovative
1201,Reliable
1202,Organisation
1202,Rational
1203,Rational
1204,Courteous
1204,Reliable
1205,Innovative
1205,Efficient
1206,Consistent
1207,Consistent
1208,Versatile
1208,Patient
1209,Curious
1209,Ambitious
1210,Courteous
1210,Ambitious
1211,Perfectionism
1211,Passionate
1212,Patient
1212,Problem Solving
1213,Determined
1214,Charisma
1215,Altruism
1215,Courteous
1216,Empathy
1217,Ambitious
1217,Composure
1217,Patient
1218,Composure
1219,Ambitious
1219,Altruism
1220,Independent
1220,Charisma
1220,Listening
1221,Innovative
1221,Ambitious
1222,Empathy
1222,Courteous
1222,Reliable
1223,Critical Thinking
1223,Versatile
1223,Independent
1224,Curious
1224,Efficient
1225,Competitive
1226,Creative
1226,Collaboration
1226,Empathy
1227,Courteous
1227,Empathy
1228,Consistent
1228,Reliable
1228,Charisma
1229,Versatile
1230,Rational
1230,Organisation
1230,Creative
1231,Charisma
1231,Efficient
1232,Competitive
1232,Innovative
1232,Reliable
1233,Critical Thinking
1233,Ambitious
1233,Versatile
1234,Listening
1235,Rational
1235,Independent
1235,Patient
1236,Independent
1237,Determined
1237,Courteous
1238,Ambitious
1238,Perfectionism
1238,Independent
1239,Patient
1239,Charisma
1240,Passionate
1240,Altruism
1241,Innovative
1241,Determined
1241,Listening
1242,Perfectionism
1242,Problem Solving
1243,Determined
1243,Reliable
1244,Critical Thinking
1244,Collaboration
1245,Collaboration
1245,Ambitious
1245,Perfectionism
1246,Empathy
1247,Critical Thinking
1247,Competitive
1247,Independent
1248,Critical Thinking
1248,Competitive
1248,Independent
1249,Passionate
1250,Empathy
1251,Consistent
1251,Empathy
1252,Passionate
1252,Critical Thinking
1253,Passionate
1253,Critical Thinking
1254,Efficient
1254,Independent
1255,Perfectionism
1256,Critical Thinking
1256,Ambitious
1256,Organisation
1257,Consistent
1257,Versatile
1257,Perfectionism
1258,Independent
1258,Altruism
1259,Problem Solving
1259,Curious
1259,Determined
1260,Listening
1260,Efficient
1261,Altruism
1261,Consistent
1262,Innovative
1263,Ambitious
1264,Perfectionism
1264,Creative
1265,Rational
1265,Competitive
1265,Courteous
1266,Courteous
1267,Listening
1268,Creative
1268,Empathy
1268,Curious
1269,Ambitious
1270,Independent
1271,Curious
1271,Consistent
1272,Innovative
1273,Competitive
1274,Curious
1274,Critical Thinking
1275,Problem Solving
1275,Innovative
1275,Creative
1276,Efficient
1277,Consistent
1277,Organisation
1277,Rational
1278,Perfectionism
1278,Determined
1278,Consistent
1279,Determined
1279,Curious
1280,Rational
1280,Reliable
1281,Composure
1281,Courteous
1282,Listening
1282,Empathy
1283,Charisma
1284,Organisation
1285,Charisma
1285,Courteous
1285,Curious
1286,Passionate
1287,Versatile
1287,Independent
1287,Passionate
1288,Independent
1288,Composure
1288,Ambitious
1289,Passionate
1289,Problem Solving
1289,Creative
1290,Rational
1290,Perfectionism
1291,Rational
1291,Perfectionism
1292,Determined
1293,Ambitious
1293,Perfectionism
1294,Passionate
1294,Competitive
1295,Patient
1295,Rational
1296,Reliable
1297,Listening
1297,Empathy
1298,Patient
1299,Innovative
1299,Determined
1300,Composure
1300,Problem Solving
1300,Ambitious
1301,Curious
1302,Determined
1302,Innovative
1303,Creative
1304,Consistent
1304,Innovative
1305,Versatile
1305,Innovative
1306,Patient
1306,Courteous
1306,Altruism
1307,Consistent
1308,Composure
1309,Composure
1309,Empathy
1309,Efficient
1310,Rational
1311,Organisation
1311,Reliable
1312,Rational
1312,Consistent
1312,Innovative
1313,Rational
1313,Efficient
1314,Critical Thinking
1315,Curious
1315,Independent
1316,Passionate
1316,Reliable
1316,Problem Solving
1317,Versatile
1317,Collaboration
1317,Organisation
1318,Organisation
1318,Versatile
1318,Ambitious
1319,Organisation
1319,Innovative
1319,Determined
1320,Reliable
1320,Listening
1320,Rational
1321,Efficient
1321,Courteous
1322,Empathy
1322,Efficient
1322,Problem Solving
1323,Competitive
1323,Composure
1323,Efficient
1324,Consistent
1324,Ambitious
1324,Innovative
1325,Organisation
1325,Efficient
1326,Critical Thinking
1326,Independent
1327,Ambitious
1327,Versatile
1327,Passionate
1328,Rational
1329,Versatile
1329,Collaboration
1329,Charisma
1330,Altruism
1330,Patient
1330,Determined
1331,Composure
1332,Charisma
1332,Courteous
1332,Curious
1333,Efficient
1334,Perfectionism
1334,Composure
1335,Composure
1335,Courteous
1336,Ambitious
1336,Organisation
1337,Creative
1337,Charisma
1338,Perfectionism
1338,Versatile
1339,Rational
1340,Determined
1341,Ambitious
1342,Ambitious
1343,Empathy
1344,Composure
1344,Collaboration
1345,Organisation
1346,Curious
1347,Perfectionism
1347,Determined
1348,Organisation
1348,Listening
1349,Efficient
1350,Curious
1351,Independent
1351,Listening
1352,Efficient
1352,Innovative
1352,Listening
1353,Organisation
1353,Passionate
1353,Perfectionism
1354,Rational
1355,Ambitious
1355,Passionate
1356,Determined
1357,Passionate
1357,Efficient
1357,Charisma
1358,Collaboration
1358,Reliable
1358,Organisation
1359,Empathy
1359,Creative
1360,Problem Solving
1360,Patient
1360,Composure
1361,Reliable
1361,Efficient
1362,Empathy
1362,Collaboration
1362,Charisma
1363,Collaboration
1363,Versatile
1363,Problem Solving
1364,Reliable
1365,Rational
1365,Collaboration
1365,Competitive
1366,Patient
1366,Critical Thinking
1367,Charisma
1367,Curious
1367,Efficient
1368,Charisma
1368,Perfectionism
1369,Innovative
1370,Innovative
1370,Altruism
1371,Versatile
1371,Reliable
1372,Collaboration
1373,Composure
1373,Independent
1374,Perfectionism
1374,Determined
1375,Organisation
1375,Ambitious
1375,Efficient
1376,Ambitious
1376,Collaboration
1377,Organisation
1377,Independent
1377,Rational
1378,Ambitious
1379,Courteous
1380,Patient
1380,Creative
1380,Reliable
1381,Ambitious
1381,Perfectionism
1381,Critical Thinking
1382,Problem Solving
1382,Rational
1383,Efficient
1384,Competitive
1385,Passionate
1386,Curious
1386,Determined
1387,Determined
1388,Creative
1388,Versatile
1389,Listening
1389,Courteous
1390,Consistent
1390,Organisation
1390,Independent
1391,Rational
1391,Ambitious
1391,Creative
1392,Collaboration
1392,Passionate
1393,Ambitious
1393,Listening
1394,Passionate
1394,Composure
1395,Composure
1395,Problem Solving
1396,Patient
1396,Curious
1396,Creative
1397,Critical Thinking
1397,Altruism
1397,Innovative
1398,Passionate
1398,Efficient
1399,Listening
1400,Reliable
1401,Determined
1402,Courteous
1403,Curious
1404,Independent
1404,Patient
1405,Competitive
1406,Determined
1406,Creative
1406,Charisma
1407,Efficient
1407,Reliable
1408,Competitive
1408,Courteous
1408,Patient
1409,Listening
1409,Collaboration
1409,Perfectionism
1410,Determined
1410,Innovative
1410,Competitive
1411,Collaboration
1411,Efficient
1412,Composure
1412,Reliable
1413,Problem Solving
1413,Ambitious
1414,Creative
1414,Versatile
1415,Creative
1415,Versatile
1416,Efficient
1416,Organisation
1417,Independent
1418,Passionate
1418,Critical Thinking
1419,Efficient
1420,Altruism
1420,Creative
1421,Critical Thinking
1421,Efficient
1421,Competitive
1422,Courteous
1423,Listening
1423,Innovative
1424,Consistent
1424,Empathy
1425,Competitive
1426,Determined
1426,Curious
1426,Creative
1427,Listening
1427,Rational
1427,Creative
1428,Passionate
1429,Creative
1429,Curious
1430,Critical Thinking
1430,Perfectionism
1431,Versatile
1431,Passionate
1431,Efficient
1432,Empathy
1433,Composure
1433,Efficient
1433,Passionate
1434,Organisation
1435,Collaboration
1435,Ambitious
1435,Critical Thinking
1436,Versatile
1436,Competitive
1436,Perfectionism
1437,Reliable
1437,Perfectionism
1438,Ambitious
1438,Innovative
1438,Consistent
1439,Critical Thinking
1439,Listening
1440,Collaboration
1440,Courteous
1440,Perfectionism
1441,Patient
1441,Creative
1441,Charisma
1442,Passionate
1442,Charisma
1442,Composure
1443,Reliable
1443,Empathy
1444,Creative
1444,Efficient
1444,Reliable
1445,Passionate
1445,Creative
1446,Curious
1446,Passionate
1447,Efficient
1448,Competitive
1449,Listening
1450,Organisation
1450,Consistent
1451,Problem Solving
1451,Charisma
1452,Altruism
1453,Curious
1454,Competitive
1455,Curious
1455,Independent
1455,Listening
1456,Ambitious
1457,Altruism
1457,Independent
1458,Ambitious
1458,Consistent
1459,Perfectionism
1459,Independent
1459,Patient
1460,Creative
1460,Independent
1460,Curious
1461,Critical Thinking
1461,Composure
1462,Problem Solving
1462,Empathy
1463,Perfectionism
1463,Empathy
1464,Patient
1464,Creative
1465,Curious
1465,Collaboration
1466,Charisma
1466,Innovative
1466,Ambitious
1467,Reliable
1467,Competitive
1467,Efficient
1468,Efficient
1468,Problem Solving
1468,Listening
1469,Organisation
1469,Rational
1469,Reliable
1470,Perfectionism
1470,Problem Solving
1471,Organisation
1472,Critical Thinking
1472,Passionate
1472,Organisation
1473,Consistent
1473,Listening
1474,Efficient
1474,Reliable
1474,Composure
1475,Reliable
1475,Charisma
1475,Courteous
1476,Ambitious
1476,Creative
1477,Listening
1478,Efficient
1478,Critical Thinking
1478,Determined
1479,Curious
1480,Composure
1480,Creative
1480,Versatile
1481,Determined
1482,Determined
1482,Perfectionism
1483,Courteous
1483,Competitive
1484,Creative
1484,Competitive
1484,Passionate
1485,Patient
1486,Problem Solving
1486,Innovative
1487,Consistent
1487,Altruism
1488,Collaboration
1488,Charisma
1489,Altruism
1490,Curious
1490,Courteous
1490,Consistent
1491,Patient
1491,Composure
1492,Listening
1492,Collaboration
1492,Innovative
1493,Reliable
1493,Curious
1494,Competitive
1495,Collaboration
1495,Patient
1496,Consistent
1497,Courteous
1497,Consistent
1497,Organisation
1498,Versatile
1498,Listening
1498,Patient
1499,Critical Thinking
1500,Determined
1500,Creative
1500,Organisation
1501,Curious
1501,Creative
1501,Empathy
1502,Altruism
1502,Organisation
1503,Perfectionism
1503,Collaboration
1503,Courteous
1504,Consistent
1504,Rational
1504,Courteous
1505,Efficient
1505,Versatile
1505,Rational
1506,Critical Thinking
1506,Passionate
1506,Charisma
1507,Ambitious
1507,Organisation
1508,Creative
1508,Competitive
1508,Ambitious
1509,Reliable
1510,Ambitious
1511,Versatile
1511,Collaboration
1511,Passionate
1512,Competitive
1512,Rational
1513,Empathy
1513,Composure
1513,Creative
1514,Courteous
1514,Charisma
1514,Efficient
1515,Passionate
1515,Collaboration
1515,Consistent
1516,Critical Thinking
1516,Versatile
1516,Organisation
1517,Charisma
1517,Creative
1517,Perfectionism
1518,Creative
1518,Ambitious
1518,Courteous
1519,Listening
1520,Passionate
1520,Organisation
1521,Reliable
1521,Listening
1521,Innovative
1522,Perfectionism
1523,Rational
1523,Listening
1524,Composure
1524,Rational
1525,Consistent
1525,Efficient
1526,Curious
1526,Charisma
1526,Efficient
1527,Independent
1527,Organisation
1528,Altruism
1528,Charisma
1529,Creative
1529,Passionate
1529,Ambitious
1530,Altruism
1530,Empathy
1530,Creative
1531,Empathy
1531,Charisma
1532,Collaboration
1532,Competitive
1533,Ambitious
1534,Innovative
1535,Empathy
1535,Competitive
1536,Empathy
1536,Competitive
1537,Determined
1537,Collaboration
1538,Creative
1538,Passionate
1539,Curious
1540,Reliable
1541,Independent
1541,Rational
1541,Charisma
1542,Reliable
1543,Rational
1543,Innovative
1543,Empathy
1544,Ambitious
1545,Curious
1545,Passionate
1546,Collaboration
1546,Problem Solving
1547,Altruism
1548,Critical Thinking
1548,Ambitious
1548,Curious
1549,Innovative
1549,Ambitious
1549,Curious
1550,Competitive
1551,Creative
1552,Consistent
1553,Composure
1554,Charisma
1554,Competitive
1554,Critical Thinking
1555,Ambitious
1555,Altruism
1555,Consistent
1556,Determined
1557,Courteous
1557,Critical Thinking
1557,Curious
1558,Reliable
1558,Curious
1558,Passionate
1559,Composure
1560,Empathy
1560,Collaboration
1560,Organisation
1561,Consistent
1562,Curious
1562,Empathy
1563,Altruism
1564,Curious
1565,Altruism
1565,Patient
1565,Consistent
1566,Versatile
1566,Rational
1566,Curious
1567,Consistent
1567,Independent
1568,Altruism
1568,Determined
1568,Collaboration
1569,Patient
1569,Perfectionism
1570,Charisma
1570,Critical Thinking
1571,Problem Solving
1571,Collaboration
1572,Listening
1573,Curious
1573,Independent
1574,Problem Solving
1575,Collaboration
1575,Competitive
1575,Efficient
1576,Reliable
1576,Independent
1576,Charisma
1577,Efficient
1577,Composure
1578,Empathy
1578,Courteous
1578,Altruism
1579,Creative
1579,Collaboration
1580,Problem Solving
1581,Creative
1581,Innovative
1582,Efficient
1583,Perfectionism
1584,Charisma
1584,Efficient
1584,Curious
1585,Curious
1585,Patient
1585,Innovative
1586,Determined
1587,Innovative
1588,Innovative
1589,Organisation
1589,Curious
1589,Efficient
1590,Problem Solving
1591,Independent
1591,Perfectionism
1591,Competitive
1592,Rational
1593,Independent
1593,Patient
1593,Courteous
1594,Collaboration
1594,Rational
1595,Patient
1595,Determined
1596,Rational
1597,Charisma
1597,Organisation
1597,Ambitious
1598,Organisation
1598,Ambitious
1598,Listening
1599,Altruism
1600,Passionate
1601,Independent
1601,Reliable
1601,Courteous
1602,Courteous
1602,Collaboration
1602,Organisation
1603,Determined
1603,Passionate
1604,Passionate
1605,Collaboration
1605,Altruism
1605,Passionate
1606,Independent
1606,Collaboration
1607,Efficient
1608,Competitive
1609,Listening
1609,Empathy
1609,Charisma
1610,Listening
1610,Empathy
1610,Charisma
1611,Versatile
1612,Competitive
1612,Composure
1612,Empathy
1613,Consistent
1613,Perfectionism
1614,Rational
1614,Critical Thinking
1614,Ambitious
1615,Composure
1616,Patient
1616,Problem Solving
1616,Charisma
1617,Problem Solving
1618,Consistent
1618,Charisma
1618,Listening
1619,Listening
1619,Critical Thinking
1619,Independent
1620,Creative
1620,Reliable
1620,Altruism
1621,Reliable
1622,Altruism
1622,Competitive
1623,Problem Solving
1624,Patient
1625,Perfectionism
1625,Curious
1625,Listening
1626,Organisation
1626,Charisma
1626,Problem Solving
1627,Perfectionism
1628,Efficient
1628,Perfectionism
1628,Empathy
1629,Passionate
1630,Innovative
1630,Passionate
1631,Collaboration
1631,Patient
1632,Innovative
1632,Versatile
1633,Organisation
1633,Listening
1633,Determined
1634,Independent
1635,Courteous
1635,Ambitious
1636,Efficient
1636,Altruism
1637,Altruism
1638,Ambitious
1639,Critical Thinking
1639,Charisma
1639,Listening
1640,Determined
1641,Charisma
1641,Innovative
1642,Charisma
1643,Composure
1643,Problem Solving
1644,Ambitious
1644,Courteous
1644,Altruism
1645,Collaboration
1646,Competitive
1646,Charisma
1647,Ambitious
1647,Innovative
1648,Curious
1648,Efficient
1649,Empathy
1649,Determined
1649,Innovative
1650,Problem Solving
1650,Competitive
1650,Creative
1651,Critical Thinking
1651,Rational
1651,Curious
1652,Critical Thinking
1653,Efficient
1653,Altruism
1654,Organisation
1654,Versatile
1654,Rational
1655,Passionate
1655,Curious
1655,Competitive
1656,Patient
1657,Determined
1657,Innovative
1657,Charisma
1658,Rational
1659,Ambitious
1659,Altruism
1660,Empathy
1661,Empathy
1661,Composure
1662,Competitive
1663,Rational
1663,Competitive
1664,Altruism
1665,Ambitious
1666,Perfectionism
1667,Empathy
1667,Determined
1667,Patient
1668,Efficient
1669,Altruism
1670,Charisma
1671,Independent
1672,Empathy
1672,Efficient
1672,Determined
1673,Independent
1673,Rational
1674,Patient
1675,Competitive
1675,Collaboration
1675,Consistent
1676,Charisma
1676,Patient
1677,Versatile
1678,Altruism
1678,Competitive
1679,Versatile
1680,Collaboration
1681,Perfectionism
1681,Altruism
1682,Efficient
1682,Competitive
1683,Versatile
1683,Problem Solving
1684,Rational
1685,Creative
1685,Independent
1686,Efficient
1687,Patient
1688,Empathy
1688,Determined
1689,Altruism
1689,Charisma
1690,Courteous
1690,Creative
1691,Altruism
1691,Patient
1691,Independent
1692,Critical Thinking
1692,Composure
1692,Problem Solving
1693,Perfectionism
1693,Curious
1694,Listening
1694,Consistent
1694,Courteous
1695,Altruism
1695,Competitive
1696,Listening
1697,Critical Thinking
1697,Innovative
1697,Ambitious
1698,Perfectionism
1698,Courteous
1698,Rational
1699,Determined
1700,Critical Thinking
1700,Composure
1700,Perfectionism
1701,Competitive
1701,Listening
1702,Problem Solving
1702,Collaboration
1702,Efficient
1703,Composure
1704,Consistent
1704,Patient
1705,Competitive
1706,Independent
1707,Listening
1707,Creative
1707,Problem Solving
1708,Problem Solving
1708,Perfectionism
1709,Innovative
1710,Independent
1710,Patient
1711,Reliable
1711,Competitive
1711,Consistent
1712,Composure
1713,Altruism
1714,Versatile
1714,Efficient
1714,Organisation
1715,Listening
1715,Creative
1716,Listening
1716,Creative
1717,Innovative
1718,Consistent
1718,Altruism
1719,Ambitious
1719,Passionate
1719,Efficient
1720,Altruism
1720,Competitive
1720,Perfectionism
1721,Passionate
1722,Courteous
1722,Collaboration
1723,Competitive
1723,Courteous
1724,Curious
1724,Versatile
1725,Rational
1725,Creative
1725,Collaboration
1726,Versatile
1727,Altruism
1727,Innovative
1727,Reliable
1728,Empathy
1728,Perfectionism
1729,Determined
1730,Rational
1730,Creative
1731,Ambitious
1731,Versatile
1732,Listening
1732,Organisation
1733,Creative
1734,Composure
1734,Determined
1735,Problem Solving
1735,Perfectionism
1736,Composure
1736,Independent
1737,Reliable
1737,Listening
1737,Organisation
1738,Ambitious
1738,Courteous
1738,Determined
1739,Passionate
1739,Composure
1739,Ambitious
1740,Determined
1740,Courteous
1741,Creative
1741,Innovative
1741,Passionate
1742,Efficient
1742,Innovative
1743,Charisma
1743,Versatile
1743,Ambitious
1744,Problem Solving
1745,Collaboration
1745,Critical Thinking
1745,Rational
1746,Critical Thinking
1746,Altruism
1746,Passionate
1747,Determined
1747,Empathy
1747,Curious
1748,Competitive
1748,Critical Thinking
1749,Critical Thinking
1749,Independent
1750,Critical Thinking
1750,Versatile
1751,Determined
1752,Creative
1752,Determined
1753,Passionate
1753,Listening
1754,Independent
1754,Collaboration
1754,Listening
1755,Organisation
1755,Competitive
1755,Patient
1756,Competitive
1756,Independent
1757,Independent
1758,Determined
1758,Curious
1759,Efficient
1760,Perfectionism
1760,Patient
1761,Organisation
1761,Rational
1761,Listening
1762,Organisation
1763,Reliable
1764,Rational
1765,Organisation
1765,Listening
1766,Listening
1767,Ambitious
1767,Listening
1768,Reliable
1768,Empathy
1769,Versatile
1769,Curious
1769,Altruism
1770,Creative
1770,Listening
1770,Innovative
1771,Listening
1772,Passionate
1773,Consistent
1774,Empathy
1774,Passionate
1775,Innovative
1776,Rational
1777,Empathy
1778,Reliable
1778,Collaboration
1779,Reliable
1779,Creative
1780,Creative
1780,Collaboration
1781,Efficient
1781,Composure
1782,Competitive
1782,Composure
1782,Perfectionism
1783,Innovative
1783,Charisma
1784,Listening
1785,Organisation
1785,Ambitious
1785,Curious
1786,Independent
1787,Collaboration
1788,Critical Thinking
1789,Patient
1790,Organisation
1790,Curious
1790,Reliable
1791,Consistent
1791,Curious
1792,Versatile
1792,Determined
1793,Empathy
1793,Altruism
1793,Collaboration
1794,Ambitious
1794,Empathy
1795,Patient
1796,Empathy
1797,Courteous
1797,Collaboration
1797,Rational
1798,Rational
1798,Independent
1798,Reliable
1799,Versatile
1799,Courteous
1800,Versatile
1800,Critical Thinking
1800,Competitive
1801,Consistent
1801,Courteous
1801,Listening
1802,Innovative
1803,Innovative
1804,Organisation
1805,Altruism
1805,Ambitious
1805,Consistent
1806,Altruism
1806,Ambitious
1806,Consistent
1807,Problem Solving
1807,Innovative
1808,Ambitious
1809,Perfectionism
1809,Efficient
1809,Creative
1810,Perfectionism
1811,Listening
1811,Charisma
1812,Empathy
1812,Perfectionism
1813,Reliable
1814,Charisma
1815,Charisma
1816,Consistent
1817,Perfectionism
1817,Listening
1817,Versatile
1818,Charisma
1818,Determined
1818,Consistent
1819,Innovative
1819,Ambitious
1820,Rational
1821,Patient
1822,Altruism
1823,Creative
1824,Passionate
1824,Altruism
1825,Passionate
1825,Innovative
1825,Ambitious
1826,Collaboration
1826,Ambitious
1827,Collaboration
1827,Ambitious
1828,Curious
1829,Collaboration
1829,Listening
1829,Versatile
1830,Problem Solving
1830,Ambitious
1831,Perfectionism
1831,Composure
1832,Ambitious
1833,Courteous
1833,Passionate
1834,Rational
1834,Creative
1835,Efficient
1836,Empathy
1836,Creative
1837,Perfectionism
1838,Empathy
1839,Courteous
1840,Organisation
1840,Determined
1841,Altruism
1842,Perfectionism
1842,Patient
1843,Creative
1843,Charisma
1843,Curious
1844,Critical Thinking
1844,Reliable
1845,Independent
1845,Competitive
1845,Rational
1846,Competitive
1847,Perfectionism
1847,Consistent
1847,Critical Thinking
1848,Perfectionism
1849,Collaboration
1850,Problem Solving
1850,Ambitious
1851,Reliable
1851,Organisation
1852,Empathy
1852,Passionate
1852,Courteous
1853,Courteous
1854,Creative
1854,Efficient
1855,Independent
1855,Perfectionism
1855,Courteous
1856,Altruism
1857,Versatile
1857,Efficient
1857,Critical Thinking
1858,Rational
1858,Patient
1858,Problem Solving
1859,Innovative
1859,Patient
1859,Determined
1860,Rational
1860,Independent
1861,Courteous
1862,Courteous
1863,Curious
1863,Collaboration
1863,Consistent
1864,Critical Thinking
1865,Problem Solving
1865,Determined
1866,Curious
1866,Independent
1867,Problem Solving
1867,Altruism
1868,Consistent
1869,Perfectionism
1870,Creative
1870,Composure
1870,Curious
1871,Competitive
1871,Collaboration
1871,Rational
1872,Collaboration
1872,Versatile
1873,Empathy
1874,Critical Thinking
1875,Collaboration
1875,Passionate
1876,Courteous
1876,Innovative
1876,Passionate
1877,Versatile
1878,Creative
1878,Consistent
1878,Composure
1879,Critical Thinking
1880,Determined
1880,Innovative
1881,Perfectionism
1882,Listening
1882,Altruism
1882,Competitive
1883,Patient
1883,Critical Thinking
1884,Composure
1885,Altruism
1886,Creative
1886,Charisma
1887,Creative
1887,Charisma
1888,Composure
1888,Collaboration
1888,Perfectionism
1889,Courteous
1890,Determined
1890,Reliable
1890,Courteous
1891,Problem Solving
1892,Composure
1892,Altruism
1893,Problem Solving
1893,Collaboration
1893,Altruism
1894,Ambitious
1895,Versatile
1896,Perfectionism
1896,Patient
1896,Determined
1897,Independent
1897,Collaboration
1897,Rational
1898,Listening
1898,Passionate
1898,Reliable
1899,Versatile
1899,Competitive
1899,Problem Solving
1900,Perfectionism
1901,Courteous
1901,Consistent
1901,Determined
1902,Independent
1902,Passionate
1902,Ambitious
1903,Determined
1904,Perfectionism
1905,Patient
1905,Independent
1905,Innovative
1906,Determined
1906,Listening
1907,Creative
1907,Reliable
1908,Ambitious
1908,Reliable
1909,Consistent
1909,Rational
1910,Versatile
1910,Organisation
1911,Independent
1911,Efficient
1912,Versatile
1913,Charisma
1913,Empathy
1914,Patient
1915,Innovative
1916,Determined
1916,Organisation
1917,Rational
1918,Courteous
1918,Independent
1919,Patient
1919,Determined
1920,Innovative
1921,Altruism
1921,Curious
1921,Problem Solving
1922,Composure
1923,Determined
1924,Perfectionism
1925,Critical Thinking
1926,Consistent
1927,Reliable
1927,Ambitious
1927,Competitive
1928,Collaboration
1928,Consistent
1928,Problem Solving
1929,Organisation
1930,Composure
1931,Passionate
1931,Courteous
1931,Efficient
1932,Organisation
1933,Perfectionism
1933,Collaboration
1933,Passionate
1934,Determined
1934,Listening
1934,Independent
1935,Patient
1935,Creative
1935,Consistent
1936,Passionate
1937,Courteous
1937,Problem Solving
1938,Patient
1938,Consistent
1938,Independent
1939,Creative
1939,Innovative
1940,Organisation
1940,Reliable
1940,Empathy
1941,Ambitious
1941,Rational
1942,Versatile
1943,Reliable
1944,Courteous
1944,Empathy
1945,Altruism
1945,Charisma
1945,Versatile
1946,Problem Solving
1947,Problem Solving
1948,Consistent
1948,Rational
1949,Independent
1950,Patient
1951,Organisation
1952,Courteous
1953,Listening
1954,Ambitious
1955,Empathy
1955,Organisation
1956,Perfectionism
1957,Charisma
1957,Efficient
1957,Patient
1958,Courteous
1959,Reliable
1959,Determined
1960,Patient
1960,Organisation
1961,Critical Thinking
1962,Listening
1963,Organisation
1964,Ambitious
1965,Problem Solving
1966,Critical Thinking
1967,Creative
1967,Composure
1968,Composure
1968,Competitive
1968,Perfectionism
1969,Problem Solving
1970,Organisation
1970,Passionate
1970,Versatile
1971,Altruism
1971,Consistent
1972,Collaboration
1972,Composure
1972,Competitive
1973,Courteous
1973,Ambitious
1974,Collaboration
1974,Patient
1974,Empathy
1975,Creative
1976,Charisma
1976,Empathy
1977,Organisation
1977,Curious
1977,Reliable
1978,Patient
1978,Charisma
1979,Passionate
1980,Critical Thinking
1980,Composure
1981,Determined
1982,Competitive
1982,Passionate
1983,Patient
1983,Passionate
1983,Efficient
1984,Charisma
1985,Creative
1985,Versatile
1985,Charisma
1986,Versatile
1986,Competitive
1987,Patient
1987,Empathy
1988,Organisation
1989,Courteous
1989,Creative
1989,Innovative
1990,Composure
1990,Charisma
1991,Ambitious
1991,Critical Thinking
1991,Efficient
1992,Altruism
1993,Charisma
1993,Passionate
1994,Consistent
1995,Listening
1995,Independent
1995,Patient
1996,Curious
1996,Versatile
1997,Collaboration
1998,Organisation
1998,Innovative
1998,Rational
1999,Perfectionism
1999,Curious
2000,Versatile
2001,Consistent
2001,Ambitious
2001,Reliable
2002,Charisma
2002,Innovative
2003,Efficient
2004,Perfectionism
2004,Consistent
2004,Creative
2005,Consistent
2005,Empathy
2005,Critical Thinking
2006,Critical Thinking
2006,Organisation
2006,Courteous
2007,Listening
2007,Rational
2007,Empathy
2008,Courteous
2008,Creative
2009,Determined
2009,Altruism
2009,Problem Solving
2010,Composure
2010,Passionate
2011,Composure
2011,Determined
2011,Versatile
2012,Consistent
2013,Composure
2014,Patient
2015,Passionate
2015,Curious
2016,Problem Solving
2017,Curious
2017,Independent
2017,Creative
2018,Collaboration
2018,Versatile
2019,Empathy
2019,Creative
2019,Passionate
2020,Determined
2021,Critical Thinking
2022,Listening
2022,Empathy
2023,Passionate
2023,Listening
2023,Patient
2024,Ambitious
2025,Ambitious
2025,Consistent
2026,Composure
2027,Critical Thinking
2027,Empathy
2028,Courteous
2028,Perfectionism
2028,Ambitious
2029,Rational
2030,Charisma
2031,Problem Solving
2031,Altruism
2032,Innovative
2033,Reliable
2033,Determined
2034,Perfectionism
2034,Reliable
2035,Listening
2035,Passionate
2036,Consistent
2036,Independent
2037,Empathy
2037,Determined
2037,Creative
2038,Critical Thinking
2039,Versatile
2039,Passionate
2040,Versatile
2040,Consistent
2041,Competitive
2042,Reliable
2043,Passionate
2043,Organisation
2044,Creative
2045,Curious
2045,Competitive
2046,Innovative
2046,Perfectionism
2047,Independent
2047,Versatile
2047,Problem Solving
2048,Rational
2048,Curious
2049,Curious
2049,Empathy
2049,Altruism
2050,Creative
2051,Competitive
2051,Organisation
2052,Courteous
2052,Composure
2053,Ambitious
2053,Curious
2054,Ambitious
2054,Competitive
2054,Innovative
2055,Perfectionism
2055,Critical Thinking
2056,Problem Solving
2057,Reliable
2058,Problem Solving
2058,Listening
2059,Organisation
2059,Perfectionism
2060,Competitive
2060,Courteous
2060,Listening
2061,Rational
2061,Creative
2061,Passionate
2062,Charisma
2063,Ambitious
2063,Efficient
2063,Composure
2064,Charisma
2064,Versatile
2065,Collaboration
2065,Composure
2066,Efficient
2066,Determined
2066,Versatile
2067,Composure
2067,Collaboration
2067,Reliable
2068,Consistent
2068,Collaboration
2068,Perfectionism
2069,Perfectionism
2069,Reliable
2069,Courteous
2070,Organisation
2070,Empathy
2070,Passionate
2071,Ambitious
2071,Critical Thinking
2072,Organisation
2072,Rational
2073,Listening
2074,Critical Thinking
2074,Composure
2074,Courteous
2075,Efficient
2075,Collaboration
2076,Efficient
2076,Versatile
2077,Critical Thinking
2077,Independent
2078,Innovative
2079,Passionate
2080,Altruism
2081,Determined
2082,Courteous
2082,Listening
2083,Perfectionism
2083,Courteous
2083,Passionate
2084,Competitive
2085,Composure
2085,Problem Solving
2085,Ambitious
2086,Courteous
2086,Listening
2087,Empathy
2088,Courteous
2088,Innovative
2089,Critical Thinking
2089,Independent
2089,Competitive
2090,Critical Thinking
2090,Determined
2091,Empathy
2092,Altruism
2092,Rational
2092,Passionate
2093,Rational
2093,Perfectionism
2093,Passionate
2094,Problem Solving
2095,Curious
2095,Efficient
2095,Perfectionism
2096,Composure
2096,Efficient
2097,Altruism
2097,Competitive
2097,Determined
2098,Patient
2098,Determined
2098,Innovative
2099,Perfectionism
2099,Versatile
2100,Innovative
2101,Innovative
2101,Curious
2102,Courteous
2102,Listening
2102,Altruism
2103,Composure
2103,Creative
2103,Patient
2104,Collaboration
2105,Efficient
2105,Critical Thinking
2105,Competitive
2106,Altruism
2107,Patient
2108,Altruism
2108,Determined
2108,Creative
2109,Altruism
2109,Versatile
2109,Efficient
2110,Creative
2110,Rational
2111,Critical Thinking
2112,Perfectionism
2112,Charisma
2112,Competitive
2113,Perfectionism
2113,Courteous
2113,Reliable
2114,Competitive
2114,Perfectionism
2115,Perfectionism
2116,Listening
2116,Critical Thinking
2117,Rational
2117,Listening
2118,Collaboration
2118,Altruism
2119,Creative
2119,Charisma
2119,Consistent
2120,Efficient
2121,Efficient
2122,Versatile
2122,Rational
2122,Empathy
2123,Perfectionism
2124,Perfectionism
2124,Problem Solving
2124,Curious
2125,Listening
2125,Innovative
2125,Curious
2126,Rational
2126,Problem Solving
2127,Charisma
2127,Reliable
2127,Curious
2128,Curious
2128,Competitive
2128,Ambitious
2129,Efficient
2129,Innovative
2130,Composure
2130,Critical Thinking
2131,Perfectionism
2132,Independent
2132,Problem Solving
2133,Determined
2133,Creative
2133,Innovative
2134,Versatile
2134,Courteous
2134,Independent
2135,Composure
2135,Ambitious
2135,Innovative
2136,Innovative
2136,Altruism
2136,Organisation
2137,Consistent
2138,Curious
2138,Determined
2138,Innovative
2139,Consistent
2139,Courteous
2139,Perfectionism
2140,Perfectionism
2140,Collaboration
2141,Versatile
2141,Listening
2142,Curious
2143,Organisation
2143,Efficient
2144,Rational
2144,Critical Thinking
2144,Composure
2145,Collaboration
2145,Passionate
2146,Problem Solving
2146,Creative
2146,Empathy
2147,Critical Thinking
2148,Versatile
2149,Determined
2149,Patient
2150,Collaboration
2150,Creative
2151,Independent
2151,Passionate
2151,Creative
2152,Independent
2153,Ambitious
2153,Competitive
2154,Collaboration
2154,Listening
2155,Charisma
2156,Composure
2157,Courteous
2157,Versatile
2157,Independent
2158,Altruism
2158,Charisma
2158,Rational
2159,Curious
2159,Innovative
2159,Courteous
2160,Collaboration
2160,Organisation
2160,Creative
2161,Courteous
2161,Ambitious
2161,Composure
2162,Courteous
2162,Problem Solving
2163,Reliable
2163,Independent
2164,Curious
2165,Empathy
2165,Curious
2165,Ambitious
2166,Organisation
2166,Rational
2167,Empathy
2167,Organisation
2168,Composure
2168,Curious
2168,Consistent
2169,Independent
2169,Versatile
2169,Consistent
2170,Independent
2171,Collaboration
2171,Innovative
2171,Listening
2172,Independent
2173,Ambitious
2174,Innovative
2174,Organisation
2174,Composure
2175,Determined
2175,Charisma
2176,Versatile
2176,Empathy
2176,Collaboration
2177,Empathy
2177,Consistent
2178,Reliable
2179,Efficient
2179,Rational
2179,Creative
2180,Rational
2180,Creative
2181,Efficient
2181,Versatile
2182,Collaboration
2182,Efficient
2183,Charisma
2183,Critical Thinking
2183,Independent
2184,Courteous
2184,Efficient
2184,Problem Solving
2185,Rational
2186,Perfectionism
2187,Curious
2187,Collaboration
2188,Empathy
2188,Reliable
2188,Critical Thinking
2189,Versatile
2190,Efficient
2191,Creative
2192,Altruism
2192,Innovative
2192,Consistent
2193,Perfectionism
2193,Curious
2193,Determined
2194,Organisation
2194,Courteous
2195,Determined
2196,Composure
2197,Ambitious
2197,Empathy
2198,Composure
2198,Creative
2199,Rational
2199,Empathy
2200,Problem Solving
2200,Ambitious
2200,Rational
2201,Versatile
2201,Problem Solving
2201,Passionate
2202,Empathy
2202,Efficient
2202,Problem Solving
2203,Rational
2204,Altruism
2204,Rational
2205,Passionate
2205,Composure
2205,Critical Thinking
2206,Efficient
2207,Determined
2208,Independent
2208,Efficient
2209,Curious
2209,Altruism
2210,Composure
2211,Consistent
2211,Critical Thinking
2212,Efficient
2212,Creative
2213,Patient
2213,Creative
2214,Problem Solving
2214,Reliable
2214,Independent
2215,Passionate
2215,Courteous
2216,Composure
2217,Ambitious
2217,Critical Thinking
2218,Creative
2218,Curious
2219,Rational
2220,Critical Thinking
2221,Versatile
2222,Empathy
2223,Patient
2224,Rational
2224,Composure
2225,Organisation
2225,Innovative
2225,Competitive
2226,Consistent
2226,Perfectionism
2227,Listening
2227,Ambitious
2227,Composure
2228,Reliable
2228,Rational
2228,Versatile
2229,Empathy
2229,Independent
2230,Courteous
2230,Efficient
2230,Ambitious
2231,Critical Thinking
2232,Efficient
2232,Listening
2233,Innovative
2233,Versatile
2233,Reliable
2234,Determined
2234,Creative
2234,Competitive
2235,Organisation
2236,Collaboration
2236,Efficient
2236,Composure
2237,Efficient
2237,Curious
2238,Competitive
2238,Altruism
2238,Reliable
2239,Collaboration
2239,Innovative
2239,Organisation
2240,Passionate
2241,Critical Thinking
2242,Rational
2242,Consistent
2243,Consistent
2243,Passionate
2244,Perfectionism
2244,Creative
2245,Consistent
2245,Efficient
2246,Consistent
2246,Versatile
2247,Critical Thinking
2248,Courteous
2248,Listening
2248,Versatile
2249,Collaboration
2250,Ambitious
2250,Charisma
2250,Efficient
2251,Efficient
2251,Empathy
2251,Reliable
2252,Critical Thinking
2252,Altruism
2252,Determined
2253,Perfectionism
2253,Ambitious
2254,Rational
2254,Consistent
2255,Courteous
2255,Perfectionism
2255,Altruism
2256,Courteous
2256,Perfectionism
2256,Altruism
2257,Ambitious
2257,Patient
2257,Passionate
2258,Organisation
2259,Passionate
2259,Critical Thinking
2260,Determined
2260,Consistent
2260,Curious
2261,Versatile
2261,Patient
2262,Competitive
2263,Innovative
2263,Reliable
2263,Curious
2264,Consistent
2264,Versatile
2265,Passionate
2265,Rational
2265,Versatile
2266,Determined
2266,Courteous
2267,Consistent
2267,Organisation
2268,Curious
2269,Courteous
2269,Altruism
2269,Collaboration
2270,Empathy
2270,Perfectionism
2271,Independent
2272,Perfectionism
2272,Independent
2273,Perfectionism
2273,Determined
2273,Curious
2274,Reliable
2274,Versatile
2274,Composure
2275,Efficient
2275,Reliable
2276,Independent
2276,Problem Solving
2276,Patient
2277,Composure
2278,Organisation
2278,Versatile
2279,Determined
2280,Courteous
2280,Charisma
2281,Organisation
2281,Consistent
2281,Competitive
2282,Reliable
2282,Efficient
2282,Listening
2283,Determined
2283,Problem Solving
2284,Composure
2284,Creative
2284,Listening
2285,Innovative
2285,Problem Solving
2286,Independent
2286,Reliable
2286,Altruism
2287,Determined
2288,Curious
2289,Critical Thinking
2289,Consistent
2289,Collaboration
2290,Empathy
2290,Problem Solving
2291,Collaboration
2291,Consistent
2291,Innovative
2292,Charisma
2292,Creative
2292,Critical Thinking
2293,Determined
2293,Competitive
2294,Independent
2294,Passionate
2294,Curious
2295,Innovative
2295,Patient
2296,Listening
2296,Competitive
2297,Perfectionism
2297,Versatile
2298,Passionate
2298,Composure
2298,Innovative
2299,Curious
2299,Independent
2299,Rational
2300,Courteous
2301,Collaboration
2301,Problem Solving
2301,Empathy
2302,Perfectionism
2302,Creative
2303,Efficient
2303,Innovative
2303,Problem Solving
2304,Organisation
2304,Reliable
2305,Charisma
2305,Altruism
2305,Competitive
2306,Efficient
2307,Listening
2308,Efficient
2308,Passionate
2308,Creative
2309,Composure
2309,Consistent
2309,Versatile
2310,Empathy
2310,Determined
2311,Independent
2311,Versatile
2312,Patient
2312,Passionate
2312,Creative
2313,Empathy
2314,Courteous
2314,Critical Thinking
2314,Perfectionism
2315,Critical Thinking
2315,Competitive
2315,Patient
2316,Organisation
2316,Altruism
2317,Reliable
2317,Determined
2318,Innovative
2318,Organisation
2318,Determined
2319,Independent
2319,Creative
2319,Curious
2320,Rational
2320,Consistent
2321,Charisma
2322,Consistent
2322,Collaboration
2323,Perfectionism
2324,Independent
2324,Critical Thinking
2324,Efficient
2325,Critical Thinking
2325,Listening
2325,Creative
2326,Determined
2326,Efficient
2326,Competitive
2327,Versatile
2327,Critical Thinking
2328,Collaboration
2329,Rational
2329,Efficient
2330,Altruism
2330,Consistent
2331,Collaboration
2332,Collaboration
2333,Listening
2333,Composure
2333,Collaboration
2334,Curious
2335,Collaboration
2335,Composure
2336,Consistent
2336,Versatile
2337,Efficient
2337,Organisation
2338,Rational
2338,Charisma
2339,Ambitious
2339,Perfectionism
2339,Creative
2340,Listening
2341,Patient
2341,Composure
2342,Composure
2342,Competitive
2343,Charisma
2343,Determined
2343,Listening
2344,Patient
2344,Altruism
2344,Versatile
2345,Patient
2345,Altruism
2345,Versatile
2346,Charisma
2347,Competitive
2347,Altruism
2348,Curious
2348,Charisma
2348,Problem Solving
2349,Reliable
2349,Curious
2349,Rational
2350,Versatile
2350,Innovative
2350,Courteous
2351,Determined
2351,Altruism
2352,Innovative
2352,Altruism
2352,Charisma
2353,Courteous
2353,Creative
2353,Charisma
2354,Efficient
2355,Critical Thinking
2356,Efficient
2357,Organisation
2358,Perfectionism
2358,Rational
2358,Ambitious
2359,Consistent
2359,Curious
2359,Determined
2360,Altruism
2361,Charisma
2362,Listening
2363,Creative
2364,Collaboration
2364,Independent
2365,Listening
2366,Perfectionism
2367,Empathy
2368,Listening
2368,Consistent
2368,Independent
2369,Composure
2369,Charisma
2369,Competitive
2370,Innovative
2370,Independent
2370,Critical Thinking
2371,Passionate
2371,Perfectionism
2372,Problem Solving
2373,Efficient
2374,Independent
2374,Courteous
2374,Listening
2375,Rational
2375,Composure
2376,Innovative
2376,Listening
2376,Perfectionism
2377,Competitive
2378,Patient
2379,Versatile
2379,Altruism
2380,Ambitious
2380,Passionate
2380,Listening
2381,Reliable
2381,Composure
2382,Collaboration
2382,Determined
2382,Patient
2383,Competitive
2384,Curious
2384,Collaboration
2385,Collaboration
2385,Organisation
2386,Courteous
2386,Perfectionism
2387,Ambitious
2387,Listening
2387,Charisma
2388,Determined
2389,Patient
2389,Innovative
2389,Listening
2390,Patient
2390,Courteous
2390,Versatile
2391,Consistent
2391,Creative
2392,Innovative
2392,Independent
2392,Ambitious
2393,Competitive
2394,Critical Thinking
2394,Curious
2394,Determined
2395,Collaboration
2395,Empathy
2396,Innovative
2396,Organisation
2397,Versatile
2397,Creative
2398,Reliable
2398,Collaboration
2399,Curious
2399,Rational
2399,Altruism
2400,Charisma
2400,Ambitious
2400,Innovative
2401,Determined
2401,Competitive
2402,Perfectionism
2403,Charisma
2403,Rational
2403,Innovative
2404,Critical Thinking
2404,Determined
2404,Creative
2405,Patient
2406,Competitive
2406,Empathy
2407,Perfectionism
2407,Charisma
2408,Charisma
2408,Innovative
2409,Listening
2410,Creative
2410,Efficient
2410,Curious
2411,Collaboration
2411,Empathy
2412,Rational
2412,Creative
2412,Organisation
2413,Ambitious
2414,Passionate
2414,Ambitious
2414,Independent
2415,Independent
2415,Rational
2415,Organisation
2416,Passionate
2417,Composure
2417,Organisation
2417,Problem Solving
2418,Courteous
2418,Competitive
2418,Reliable
2419,Reliable
2419,Composure
2420,Critical Thinking
2420,Reliable
2420,Efficient
2421,Independent
2422,Passionate
2422,Competitive
2422,Ambitious
2423,Competitive
2424,Ambitious
2424,Perfectionism
2425,Efficient
2425,Ambitious
2426,Charisma
2426,Reliable
2427,Efficient
2428,Efficient
2429,Passionate
2429,Critical Thinking
2430,Charisma
2430,Patient
2431,Perfectionism
2431,Innovative
2432,Composure
2433,Organisation
2434,Organisation
2434,Reliable
2435,Determined
2436,Perfectionism
2436,Independent
2437,Efficient
2438,Curious
2439,Innovative
2440,Independent
2441,Independent
2442,Patient
2442,Rational
2442,Critical Thinking
2443,Altruism
2443,Critical Thinking
2443,Innovative
2444,Empathy
2445,Reliable
2445,Ambitious
2446,Charisma
2446,Perfectionism
2446,Rational
2447,Altruism
2447,Passionate
2447,Rational
2448,Critical Thinking
2448,Patient
2449,Courteous
2449,Innovative
2450,Empathy
2450,Ambitious
2451,Passionate
2451,Patient
2451,Courteous
2452,Passionate
2452,Perfectionism
2453,Consistent
2453,Reliable
2454,Altruism
2454,Patient
2455,Problem Solving
2455,Determined
2456,Perfectionism
2457,Reliable
2457,Problem Solving
2458,Rational
2458,Ambitious
2458,Problem Solving
2459,Perfectionism
2459,Curious
2459,Courteous
2460,Empathy
2460,Versatile
2461,Empathy
2461,Competitive
2462,Curious
2462,Versatile
2462,Altruism
2463,Ambitious
2463,Composure
2463,Competitive
2464,Empathy
2464,Organisation
2464,Composure
2465,Problem Solving
2465,Charisma
2466,Courteous
2466,Versatile
2467,Perfectionism
2467,Curious
2468,Competitive
2468,Ambitious
2468,Rational
2469,Courteous
2469,Patient
2470,Listening
2471,Ambitious
2472,Passionate
2473,Altruism
2473,Determined
2473,Efficient
2474,Organisation
2474,Listening
2475,Passionate
2475,Innovative
2475,Collaboration
2476,Charisma
2476,Independent
2477,Patient
2477,Versatile
2478,Charisma
2478,Collaboration
2479,Rational
2479,Efficient
2480,Competitive
2480,Versatile
2480,Independent
2481,Innovative
2481,Ambitious
2481,Altruism
2482,Competitive
2483,Empathy
2484,Listening
2485,Reliable
2485,Listening
2485,Charisma
2486,Competitive
2486,Courteous
2487,Creative
2487,Consistent
2488,Critical Thinking
2489,Critical Thinking
2489,Courteous
2490,Versatile
2490,Listening
2491,Courteous
2491,Empathy
2491,Composure
2492,Listening
2492,Reliable
2492,Determined
2493,Versatile
2494,Altruism
2495,Reliable
2495,Independent
2495,Determined
2496,Independent
2496,Versatile
2496,Composure
2497,Versatile
2498,Altruism
2498,Collaboration
2498,Perfectionism
2499,Rational
2499,Courteous
2499,Ambitious
2500,Curious
2500,Empathy
2501,Creative
2502,Composure
2502,Consistent
2502,Versatile
2503,Creative
2503,Empathy
2503,Composure
2504,Innovative
2505,Organisation
2505,Reliable
2506,Critical Thinking
2506,Versatile
2506,Rational
2507,Consistent
2507,Empathy
2508,Creative
2509,Empathy
2509,Ambitious
2509,Altruism
2510,Problem Solving
2510,Creative
2510,Charisma
2511,Courteous
2512,Critical Thinking
2512,Curious
2513,Versatile
2513,Composure
2513,Competitive
2514,Competitive
2515,Passionate
2515,Organisation
2516,Creative
2516,Rational
2516,Determined
2517,Independent
2518,Problem Solving
2518,Innovative
2518,Efficient
2519,Reliable
2520,Determined
2520,Passionate
2521,Ambitious
2521,Passionate
2521,Perfectionism
2522,Ambitious
2522,Problem Solving
2522,Empathy
2523,Reliable
2523,Problem Solving
2523,Rational
2524,Listening
2524,Creative
2525,Collaboration
2525,Charisma
2526,Listening
2526,Altruism
2527,Critical Thinking
2527,Collaboration
2528,Charisma
2528,Efficient
2528,Reliable
2529,Perfectionism
2529,Charisma
2529,Competitive
2530,Determined
2530,Efficient
2531,Curious
2531,Passionate
2531,Efficient
2532,Determined
2532,Courteous
2532,Passionate
2533,Creative
2534,Empathy
2534,Listening
2534,Versatile
2535,Empathy
2535,Passionate
2535,Altruism
2536,Independent
2536,Perfectionism
2536,Listening
2537,Listening
2537,Problem Solving
2537,Curious
2538,Empathy
2539,Patient
2539,Independent
2540,Empathy
2541,Determined
2542,Passionate
2543,Creative
2543,Rational
2544,Innovative
2544,Perfectionism
2544,Charisma
2545,Determined
2545,Patient
2546,Altruism
2546,Patient
2547,Courteous
2548,Passionate
2549,Listening
2550,Problem Solving
2550,Innovative
2551,Competitive
2552,Empathy
2552,Charisma
2553,Consistent
2553,Versatile
2553,Critical Thinking
2554,Patient
2554,Altruism
2554,Versatile
2555,Efficient
2555,Consistent
2556,Innovative
2557,Passionate
2558,Listening
2559,Efficient
2559,Ambitious
2560,Determined
2560,Collaboration
2561,Consistent
2562,Innovative
2562,Problem Solving
2563,Rational
2563,Perfectionism
2564,Passionate
2565,Competitive
2566,Competitive
2567,Empathy
2567,Competitive
2568,Curious
2569,Listening
2569,Versatile
2569,Empathy
2570,Problem Solving
2570,Independent
2570,Consistent
2571,Courteous
2572,Consistent
2572,Altruism
2573,Determined
2573,Collaboration
2573,Passionate
2574,Perfectionism
2574,Efficient
2575,Organisation
2575,Passionate
2576,Ambitious
2576,Empathy
2577,Creative
2578,Problem Solving
2578,Rational
2578,Innovative
2579,Determined
2580,Empathy
2581,Passionate
2581,Creative
2581,Collaboration
2582,Curious
2582,Consistent
2582,Rational
2583,Composure
2583,Collaboration
2583,Determined
2584,Determined
2584,Versatile
2585,Perfectionism
2585,Creative
2586,Determined
2587,Empathy
2588,Listening
2589,Ambitious
2589,Creative
2589,Consistent
2590,Organisation
2591,Organisation
2591,Curious
2591,Competitive
2592,Ambitious
2593,Independent
2593,Reliable
2594,Critical Thinking
2594,Patient
2595,Composure
2595,Perfectionism
2595,Listening
2596,Charisma
2596,Passionate
2596,Versatile
2597,Perfectionism
2598,Creative
2599,Versatile
2599,Independent
2600,Reliable
2601,Creative
2601,Ambitious
2601,Consistent
2602,Critical Thinking
2603,Collaboration
2604,Altruism
2604,Rational
2604,Versatile
2605,Composure
2606,Curious
2606,Determined
2607,Versatile
2608,Passionate
2608,Competitive
2609,Creative
2609,Patient
2609,Collaboration
2610,Problem Solving
2610,Rational
2610,Efficient
2611,Innovative
2611,Composure
2611,Perfectionism
2612,Charisma
2613,Ambitious
2613,Creative
2614,Versatile
2614,Composure
2614,Altruism
2615,Efficient
2615,Problem Solving
2616,Creative
2617,Innovative
2618,Competitive
2619,Altruism
2620,Courteous
2621,Listening
2621,Versatile
2622,Collaboration
2623,Versatile
2623,Ambitious
2624,Independent
2624,Critical Thinking
2625,Collaboration
2625,Charisma
2626,Empathy
2627,Collaboration
2627,Perfectionism
2627,Patient
2628,Consistent
2629,Critical Thinking
2629,Passionate
2630,Critical Thinking
2630,Curious
2630,Collaboration
2631,Courteous
2631,Empathy
2631,Creative
2632,Perfectionism
2632,Problem Solving
2632,Ambitious
2633,Organisation
2633,Independent
2634,Critical Thinking
2634,Independent
2634,Efficient
2635,Passionate
2635,Composure
2635,Rational
2636,Listening
2636,Competitive
2636,Ambitious
2637,Efficient
2638,Critical Thinking
2638,Altruism
2638,Passionate
2639,Determined
2640,Independent
2640,Courteous
2640,Versatile
2641,Problem Solving
2642,Critical Thinking
2642,Problem Solving
2643,Critical Thinking
2643,Competitive
2643,Listening
2644,Collaboration
2644,Efficient
2645,Organisation
2645,Independent
2646,Critical Thinking
2646,Problem Solving
2646,Charisma
2647,Collaboration
2647,Curious
2648,Independent
2649,Creative
2649,Organisation
2650,Rational
2650,Reliable
2650,Critical Thinking
2651,Patient
2651,Charisma
2652,Perfectionism
2652,Empathy
2653,Curious
2653,Independent
2653,Versatile
2654,Rational
2654,Consistent
2655,Competitive
2655,Creative
2655,Patient
2656,Altruism
2657,Listening
2657,Perfectionism
2657,Patient
2658,Empathy
2658,Perfectionism
2658,Ambitious
2659,Passionate
2659,Problem Solving
2659,Consistent
2660,Ambitious
2661,Ambitious
2661,Patient
2661,Reliable
2662,Reliable
2662,Patient
2662,Listening
2663,Perfectionism
2663,Curious
2663,Composure
2664,Versatile
2664,Determined
2665,Determined
2665,Versatile
2666,Composure
2666,Organisation
2666,Efficient
2667,Efficient
2667,Problem Solving
2667,Curious
2668,Consistent
2669,Independent
2670,Curious
2671,Rational
2671,Altruism
2671,Independent
2672,Consistent
2672,Reliable
2672,Determined
2673,Composure
2673,Curious
2673,Reliable
2674,Listening
2675,Composure
2676,Critical Thinking
2676,Determined
2677,Curious
2677,Creative
2678,Organisation
2678,Innovative
2678,Curious
2679,Efficient
2680,Charisma
2681,Empathy
2682,Creative
2682,Rational
2683,Altruism
2684,Problem Solving
2685,Versatile
2685,Empathy
2685,Reliable
2686,Independent
2687,Determined
2687,Organisation
2687,Problem Solving
2688,Patient
2688,Independent
2688,Composure
2689,Critical Thinking
2690,Perfectionism
2690,Passionate
2690,Altruism
2691,Reliable
2692,Rational
2692,Perfectionism
2692,Reliable
2693,Reliable
2694,Efficient
2694,Competitive
2694,Listening
2695,Problem Solving
2695,Perfectionism
2696,Independent
2696,Determined
2697,Innovative
2697,Consistent
2697,Perfectionism
2698,Curious
2699,Efficient
2699,Collaboration
2699,Rational
2700,Efficient
2700,Empathy
2700,Courteous
2701,Charisma
2701,Reliable
2701,Curious
2702,Patient
2703,Listening
2704,Empathy
2705,Rational
2705,Empathy
2706,Charisma
2706,Rational
2706,Innovative
2707,Perfectionism
2707,Patient
2707,Curious
2708,Organisation
2708,Composure
2709,Charisma
2709,Determined
2709,Ambitious
2710,Curious
2711,Listening
2711,Organisation
2712,Versatile
2712,Determined
2712,Innovative
2713,Composure
2713,Independent
2714,Reliable
2715,Problem Solving
2715,Ambitious
2716,Collaboration
2716,Empathy
2716,Competitive
2717,Collaboration
2717,Versatile
2717,Listening
2718,Organisation
2718,Efficient
2718,Charisma
2719,Competitive
2719,Empathy
2720,Organisation
2720,Innovative
2720,Independent
2721,Courteous
2721,Collaboration
2721,Versatile
2722,Patient
2723,Empathy
2723,Creative
2724,Independent
2724,Critical Thinking
2725,Altruism
2725,Charisma
2726,Determined
2726,Curious
2726,Organisation
2727,Collaboration
2727,Perfectionism
2728,Ambitious
2728,Collaboration
2729,Reliable
2729,Courteous
2729,Passionate
2730,Listening
2730,Efficient
2731,Perfectionism
2731,Empathy
2731,Altruism
2732,Composure
2732,Independent
2733,Creative
2734,Courteous
2734,Organisation
2734,Competitive
2735,Collaboration
2736,Collaboration
2736,Perfectionism
2737,Passionate
2737,Empathy
2738,Organisation
2738,Reliable
2739,Organisation
2739,Reliable
2740,Ambitious
2740,Innovative
2740,Problem Solving
2741,Problem Solving
2741,Rational
2741,Curious
2742,Consistent
2742,Charisma
2743,Innovative
2743,Courteous
2743,Listening
2744,Curious
2744,Innovative
2745,Passionate
2746,Versatile
2746,Efficient
2747,Independent
2747,Empathy
2748,Independent
2749,Reliable
2750,Competitive
2751,Determined
2752,Versatile
2752,Innovative
2753,Organisation
2753,Charisma
2754,Creative
2754,Perfectionism
2754,Versatile
2755,Charisma
2755,Rational
2756,Collaboration
2756,Perfectionism
2756,Ambitious
2757,Rational
2757,Problem Solving
2757,Creative
2758,Critical Thinking
2758,Patient
2759,Innovative
2759,Composure
2760,Perfectionism
2761,Patient
2761,Versatile
2761,Rational
2762,Composure
2763,Altruism
2763,Rational
2763,Reliable
2764,Altruism
2764,Charisma
2764,Composure
2765,Reliable
2765,Problem Solving
2766,Reliable
2766,Problem Solving
2767,Courteous
2768,Curious
2768,Critical Thinking
2768,Courteous
2769,Determined
2769,Patient
2769,Altruism
2770,Collaboration
2770,Patient
2771,Patient
2772,Independent
2772,Rational
2772,Collaboration
2773,Independent
2773,Organisation
2774,Collaboration
2774,Competitive
2774,Reliable
2775,Perfectionism
2775,Curious
2775,Reliable
2776,Ambitious
2776,Problem Solving
2776,Altruism
2777,Patient
2777,Consistent
2778,Determined
2778,Passionate
2779,Ambitious
2779,Versatile
2780,Problem Solving
2780,Courteous
2781,Courteous
2781,Ambitious
2782,Determined
2782,Altruism
2783,Listening
2784,Efficient
2784,Courteous
2784,Determined
2785,Altruism
2786,Empathy
2787,Creative
2787,Altruism
2788,Innovative
2788,Composure
2789,Critical Thinking
2790,Courteous
2790,Competitive
2790,Listening
2791,Efficient
2792,Problem Solving
2792,Courteous
2792,Composure
2793,Critical Thinking
2793,Consistent
2794,Ambitious
2794,Problem Solving
2794,Versatile
2795,Problem Solving
2795,Rational
2796,Creative
2797,Rational
2797,Creative
2797,Critical Thinking
2798,Competitive
2798,Organisation
2798,Consistent
2799,Problem Solving
2799,Consistent
2800,Critical Thinking
2801,Collaboration
2801,Versatile
2801,Rational
2802,Collaboration
2802,Consistent
2802,Efficient
2803,Organisation
2804,Independent
2805,Organisation
2806,Empathy
2807,Versatile
2807,Organisation
2808,Perfectionism
2808,Composure
2808,Organisation
2809,Perfectionism
2809,Efficient
2809,Competitive
2810,Problem Solving
2810,Listening
2810,Empathy
2811,Competitive
2811,Perfectionism
2811,Innovative
2812,Independent
2812,Collaboration
2813,Rational
2814,Problem Solving
2815,Courteous
2815,Ambitious
2816,Competitive
2817,Critical Thinking
2817,Charisma
2817,Altruism
2818,Competitive
2819,Courteous
2820,Reliable
2821,Ambitious
2821,Versatile
2821,Patient
2822,Passionate
2822,Creative
2823,Determined
2823,Listening
2824,Perfectionism
2825,Rational
2825,Reliable
2826,Listening
2826,Collaboration
2827,Organisation
2828,Problem Solving
2829,Organisation
2829,Determined
2830,Versatile
2830,Patient
2831,Versatile
2831,Ambitious
2831,Organisation
2832,Determined
2833,Determined
2833,Passionate
2834,Problem Solving
2834,Critical Thinking
2834,Composure
2835,Reliable
2835,Listening
2836,Altruism
2836,Independent
2836,Empathy
2837,Reliable
2838,Charisma
2838,Passionate
2839,Reliable
2839,Organisation
2839,Charisma
2840,Curious
2841,Listening
2841,Problem Solving
2841,Patient
2842,Charisma
2842,Efficient
2843,Problem Solving
2843,Reliable
2843,Patient
2844,Rational
2844,Courteous
2844,Perfectionism
2845,Innovative
2845,Problem Solving
2846,Versatile
2846,Curious
2847,Perfectionism
2848,Competitive
2848,Independent
2849,Reliable
2849,Curious
2849,Patient
2850,Consistent
2850,Organisation
2851,Versatile
2852,Passionate
2852,Patient
2853,Organisation
2854,Consistent
2854,Determined
2855,Courteous
2856,Collaboration
2856,Problem Solving
2856,Ambitious
2857,Perfectionism
2858,Courteous
2858,Perfectionism
2858,Reliable
2859,Critical Thinking
2859,Independent
2860,Altruism
2860,Independent
2861,Competitive
2861,Collaboration
2862,Reliable
2863,Ambitious
2863,Courteous
2863,Patient
2864,Consistent
2864,Altruism
2865,Collaboration
2865,Courteous
2866,Versatile
2867,Efficient
2868,Efficient
2869,Altruism
2869,Courteous
2869,Innovative
2870,Altruism
2870,Problem Solving
2870,Perfectionism
2871,Empathy
2872,Passionate
2873,Consistent
2873,Composure
2873,Innovative
2874,Patient
2874,Competitive
2875,Versatile
2875,Competitive
2876,Patient
2876,Altruism
2877,Critical Thinking
2877,Empathy
2878,Patient
2879,Listening
2879,Critical Thinking
2879,Passionate
2880,Composure
2881,Ambitious
2881,Patient
2881,Efficient
2882,Determined
2882,Efficient
2882,Independent
2883,Reliable
2883,Empathy
2883,Independent
2884,Courteous
2885,Passionate
2886,Organisation
2886,Patient
2886,Determined
2887,Determined
2887,Problem Solving
2888,Rational
2888,Altruism
2889,Creative
2890,Organisation
2890,Competitive
2891,Consistent
2892,Ambitious
2892,Determined
2892,Composure
2893,Problem Solving
2893,Passionate
2893,Innovative
2894,Independent
2895,Determined
2895,Listening
2895,Consistent
2896,Critical Thinking
2897,Composure
2897,Versatile
2898,Reliable
2898,Passionate
2898,Determined
2899,Creative
2900,Consistent
2901,Courteous
2902,Critical Thinking
2903,Creative
2903,Critical Thinking
2903,Collaboration
2904,Charisma
2904,Innovative
2905,Creative
2906,Composure
2907,Ambitious
2908,Passionate
2909,Altruism
2909,Curious
2909,Critical Thinking
2910,Perfectionism
2910,Curious
2911,Curious
2911,Perfectionism
2911,Independent
2912,Altruism
2912,Collaboration
2912,Perfectionism
2913,Problem Solving
2913,Rational
2914,Competitive
2914,Versatile
2915,Curious
2915,Creative
2916,Empathy
2917,Collaboration
2918,Determined
2919,Independent
2919,Efficient
2920,Patient
2921,Passionate
2922,Rational
2922,Empathy
2922,Courteous
2923,Competitive
2924,Empathy
2924,Rational
2924,Perfectionism
2925,Efficient
2925,Rational
2925,Reliable
2926,Listening
2926,Passionate
2927,Rational
2927,Reliable
2927,Courteous
2928,Reliable
2928,Competitive
2929,Courteous
2930,Collaboration
2930,Empathy
2931,Altruism
2931,Collaboration
2932,Competitive
2932,Courteous
2932,Rational
2933,Innovative
2933,Determined
2933,Critical Thinking
2934,Determined
2934,Problem Solving
2935,Innovative
2935,Efficient
2936,Problem Solving
2937,Rational
2937,Versatile
2938,Courteous
2938,Charisma
2939,Courteous
2939,Charisma
2939,Organisation
2940,Consistent
2940,Patient
2941,Reliable
2941,Perfectionism
2942,Reliable
2942,Collaboration
2942,Rational
2943,Collaboration
2943,Versatile
2944,Charisma
2944,Composure
2944,Competitive
2945,Determined
2945,Problem Solving
2945,Charisma
2946,Curious
2946,Innovative
2946,Versatile
2947,Curious
2947,Determined
2947,Reliable
2948,Listening
2948,Charisma
2949,Composure
2949,Critical Thinking
2950,Consistent
2950,Innovative
2950,Curious
2951,Curious
2951,Empathy
2951,Problem Solving
2952,Altruism
2952,Perfectionism
2952,Innovative
2953,Collaboration
2953,Consistent
2954,Altruism
2955,Collaboration
2955,Determined
2955,Charisma
2956,Patient
2956,Efficient
2957,Perfectionism
2957,Charisma
2958,Problem Solving
2958,Independent
2959,Perfectionism
2960,Creative
2960,Problem Solving
2960,Ambitious
2961,Ambitious
2961,Empathy
2961,Competitive
2962,Organisation
2962,Empathy
2963,Innovative
2964,Altruism
2964,Critical Thinking
2965,Passionate
2966,Patient
2966,Passionate
2967,Curious
2968,Creative
2968,Collaboration
2968,Innovative
2969,Perfectionism
2969,Consistent
2970,Collaboration
2970,Listening
2970,Problem Solving
2971,Creative
2972,Creative
2973,Curious
2974,Rational
2975,Altruism
2975,Listening
2976,Versatile
2977,Courteous
2978,Organisation
2978,Perfectionism
2978,Passionate
2979,Independent
2980,Rational
2980,Independent
2980,Organisation
2981,Curious
2981,Competitive
2982,Reliable
2983,Independent
2984,Consistent
2985,Patient
2986,Altruism
2987,Perfectionism
2987,Consistent
2988,Patient
2989,Independent
2989,Composure
2989,Courteous
2990,Innovative
2991,Versatile
2991,Composure
2992,Consistent
2992,Altruism
2992,Reliable
2993,Collaboration
2993,Efficient
2993,Altruism
2994,Rational
2994,Independent
2995,Competitive
2995,Altruism
2995,Rational
2996,Determined
2996,Ambitious
2997,Problem Solving
2997,Reliable
2998,Charisma
2998,Courteous
2998,Passionate
2999,Patient
2999,Problem Solving
2999,Composure
3000,Patient
3000,Altruism
3000,Competitive
3001,Rational
3001,Innovative
3001,Composure
3002,Competitive
3002,Rational
3003,Determined
3003,Empathy
3004,Charisma
3005,Independent
3006,Creative
3006,Versatile
3007,Empathy
3008,Problem Solving
3008,Determined
3009,Composure
3010,Reliable
3011,Listening
3011,Creative
3011,Charisma
3012,Collaboration
3013,Composure
3013,Listening
3013,Empathy
3014,Reliable
3015,Patient
3015,Charisma
3016,Independent
3017,Curious
3017,Composure
3018,Versatile
3018,Competitive
3018,Reliable
3019,Charisma
3019,Collaboration
3019,Composure
3020,Independent
3020,Altruism
3020,Critical Thinking
3021,Passionate
3021,Listening
3021,Perfectionism
3022,Efficient
3022,Perfectionism
3022,Listening
3023,Creative
3023,Charisma
3024,Versatile
3024,Passionate
3024,Perfectionism
3025,Listening
3026,Courteous
3026,Ambitious
3027,Versatile
3028,Critical Thinking
3028,Competitive
3029,Reliable
3030,Courteous
3030,Competitive
3031,Determined
3031,Consistent
3031,Perfectionism
3032,Innovative
3032,Problem Solving
3033,Innovative
3033,Determined
3033,Organisation
3034,Versatile
3034,Determined
3034,Composure
3035,Empathy
3035,Ambitious
3035,Perfectionism
3036,Curious
3036,Patient
3036,Innovative
3037,Charisma
3038,Reliable
3038,Problem Solving
3038,Creative
3039,Independent
3040,Creative
3041,Charisma
3042,Charisma
3043,Determined
3043,Passionate
3043,Innovative
3044,Versatile
3044,Independent
3045,Independent
3045,Innovative
3045,Reliable
3046,Collaboration
3047,Passionate
3047,Perfectionism
3047,Collaboration
3048,Curious
3048,Efficient
3048,Composure
3049,Reliable
3050,Determined
3050,Perfectionism
3050,Consistent
3051,Curious
3051,Creative
3051,Problem Solving
3052,Innovative
3053,Problem Solving
3053,Ambitious
3053,Creative
3054,Charisma
3055,Innovative
3056,Courteous
3057,Collaboration
3057,Reliable
3058,Organisation
3058,Listening
3058,Perfectionism
3059,Reliable
3059,Altruism
3059,Determined
3060,Perfectionism
3060,Patient
3060,Composure
3061,Collaboration
3061,Determined
3062,Perfectionism
3063,Ambitious
3064,Reliable
3065,Charisma
3066,Empathy
3066,Determined
3067,Efficient
3067,Patient
3067,Listening
3068,Composure
3068,Altruism
3068,Rational
3069,Collaboration
3069,Independent
3070,Independent
3070,Creative
3071,Consistent
3071,Patient
3071,Reliable
3072,Altruism
3073,Versatile
3074,Altruism
3074,Courteous
3075,Collaboration
3075,Creative
3076,Versatile
3077,Reliable
3077,Altruism
3077,Curious
3078,Competitive
3079,Organisation
3079,Charisma
3079,Patient
3080,Empathy
3081,Reliable
3081,Critical Thinking
3081,Charisma
3082,Reliable
3082,Listening
3083,Curious
3083,Perfectionism
3083,Ambitious
3084,Patient
3084,Courteous
3084,Competitive
3085,Passionate
3085,Determined
3086,Composure
3086,Ambitious
3086,Charisma
3087,Charisma
3087,Problem Solving
3087,Competitive
3088,Critical Thinking
3088,Perfectionism
3089,Empathy
3090,Independent
3090,Altruism
3090,Patient
3091,Critical Thinking
3091,Reliable
3091,Competitive
3092,Listening
3092,Critical Thinking
3092,Creative
3093,Efficient
3093,Patient
3093,Consistent
3094,Reliable
3095,Empathy
3095,Collaboration
3096,Ambitious
3096,Critical Thinking
3096,Passionate
3097,Efficient
3097,Problem Solving
3097,Versatile
3098,Organisation
3098,Determined
3099,Creative
3099,Competitive
3100,Composure
3100,Courteous
3100,Perfectionism
3101,Versatile
3102,Organisation
3102,Independent
3102,Determined
3103,Problem Solving
3104,Reliable
3104,Perfectionism
3104,Problem Solving
3105,Independent
