id,weaknesses
1,Distracted
1,Impulsive
1,Introverted
2,Overbearing
2,Chatty
2,Indifferent
3,Introverted
3,Impulsive
3,Anxious
4,Perfectionist
4,Sensitive
5,Controlling
5,Perfectionist
5,Chatty
6,Immature
7,Impatient
7,Conventional
7,Undisciplined
8,Conventional
8,Passive
9,Intolerant
10,Chaotic
10,Selfish
11,Perfectionist
11,Immature
11,Passive
12,Conventional
12,Sensitive
12,Introverted
13,Sensitive
14,Slow
14,Overbearing
14,Conventional
15,Undisciplined
16,Indifferent
16,Sensitive
16,Introverted
17,Indifferent
18,Controlling
18,Impulsive
19,Undisciplined
20,Anxious
21,Impulsive
21,Competitive
21,Controlling
22,Impulsive
23,Overbearing
23,Impatient
24,Impatient
24,Critical
25,Indecisive
25,Undisciplined
26,Overbearing
26,Conventional
26,Immature
27,Passive
28,Passive
28,Chatty
29,Impatient
29,Selfish
29,Indifferent
30,Slow
30,Anxious
30,Chatty
31,Indifferent
32,Indecisive
32,Chaotic
33,Slow
33,Sensitive
34,Overbearing
35,Perfectionist
35,Introverted
35,Indecisive
36,Slow
37,Impatient
37,Distracted
38,Selfish
39,Immature
39,Competitive
39,Indifferent
40,Distracted
40,Slow
41,Perfectionist
41,Procrastination
42,Competitive
43,Distracted
44,Perfectionist
45,Stubborn
46,Overbearing
47,Indifferent
47,Anxious
48,Controlling
49,Intolerant
49,Distracted
49,Impulsive
50,Selfish
50,Conventional
51,Sensitive
51,Introverted
52,Immature
52,Chaotic
53,Impatient
54,Controlling
54,Intolerant
54,Conventional
55,Perfectionist
55,Distracted
56,Indecisive
57,Stubborn
57,Impulsive
58,Anxious
58,Slow
58,Competitive
59,Impatient
59,Passive
59,Intolerant
60,Impatient
60,Passive
60,Intolerant
61,Chatty
61,Distracted
61,Slow
62,Conventional
62,Intolerant
63,Slow
63,Impulsive
64,Distracted
65,Procrastination
66,Introverted
66,Sensitive
67,Impulsive
67,Stubborn
68,Introverted
68,Chaotic
69,Stubborn
69,Anxious
69,Competitive
70,Indifferent
70,Sensitive
71,Anxious
71,Chatty
72,Chatty
72,Critical
72,Passive
73,Controlling
74,Chaotic
74,Stubborn
75,Stubborn
75,Procrastination
76,Perfectionist
77,Chatty
77,Distracted
77,Sensitive
78,Undisciplined
78,Intolerant
78,Perfectionist
79,Intolerant
79,Procrastination
79,Immature
80,Immature
81,Overbearing
81,Indecisive
82,Overbearing
82,Procrastination
83,Controlling
83,Sensitive
83,Distracted
84,Chatty
84,Sensitive
85,Stubborn
86,Procrastination
86,Impatient
86,Conventional
87,Indifferent
87,Critical
87,Conventional
88,Indifferent
89,Impulsive
90,Indifferent
91,Competitive
92,Procrastination
93,Indecisive
94,Chatty
94,Impulsive
95,Sensitive
95,Passive
96,Competitive
96,Indifferent
96,Chaotic
97,Impulsive
98,Slow
98,Controlling
98,Anxious
99,Selfish
99,Impatient
100,Critical
100,Indecisive
101,Selfish
102,Slow
102,Indifferent
102,Selfish
103,Introverted
103,Conventional
103,Undisciplined
104,Conventional
104,Introverted
105,Stubborn
106,Slow
106,Intolerant
106,Sensitive
107,Indecisive
107,Indifferent
107,Undisciplined
108,Selfish
108,Chatty
109,Indifferent
110,Introverted
111,Anxious
111,Indifferent
112,Chatty
113,Impatient
113,Slow
113,Critical
114,Sensitive
114,Indifferent
115,Stubborn
115,Indifferent
116,Perfectionist
116,Conventional
117,Stubborn
117,Indecisive
117,Undisciplined
118,Immature
119,Intolerant
119,Conventional
119,Undisciplined
120,Indecisive
120,Procrastination
120,Undisciplined
121,Controlling
122,Indifferent
122,Indecisive
122,Controlling
123,Chaotic
123,Conventional
124,Anxious
125,Slow
125,Conventional
126,Distracted
126,Overbearing
127,Immature
127,Chatty
127,Critical
128,Indifferent
129,Introverted
130,Distracted
130,Passive
130,Stubborn
131,Impulsive
132,Perfectionist
133,Passive
133,Selfish
133,Chaotic
134,Perfectionist
134,Chatty
134,Undisciplined
135,Chaotic
135,Undisciplined
136,Controlling
136,Impulsive
137,Chaotic
137,Controlling
137,Critical
138,Selfish
138,Indifferent
139,Distracted
140,Chatty
140,Anxious
141,Critical
142,Chatty
143,Controlling
143,Introverted
143,Overbearing
144,Critical
145,Controlling
145,Critical
145,Competitive
146,Impulsive
146,Conventional
146,Introverted
147,Chatty
148,Chaotic
149,Conventional
149,Passive
149,Chaotic
150,Competitive
150,Overbearing
151,Undisciplined
151,Stubborn
152,Selfish
152,Critical
152,Stubborn
153,Chaotic
153,Indifferent
154,Chatty
154,Undisciplined
154,Selfish
155,Chatty
155,Undisciplined
155,Selfish
156,Sensitive
156,Indifferent
157,Undisciplined
157,Procrastination
158,Indifferent
158,Critical
158,Impatient
159,Chatty
159,Overbearing
160,Sensitive
161,Slow
161,Indifferent
161,Selfish
162,Perfectionist
162,Intolerant
163,Chaotic
164,Chatty
164,Procrastination
164,Overbearing
165,Distracted
165,Critical
165,Competitive
166,Anxious
166,Critical
167,Competitive
168,Intolerant
169,Overbearing
169,Selfish
170,Competitive
171,Undisciplined
172,Introverted
173,Introverted
174,Stubborn
175,Passive
176,Indecisive
177,Procrastination
178,Introverted
178,Undisciplined
178,Stubborn
179,Competitive
179,Introverted
179,Overbearing
180,Controlling
180,Critical
180,Conventional
181,Distracted
182,Distracted
182,Sensitive
183,Sensitive
183,Competitive
184,Chatty
184,Perfectionist
184,Critical
185,Sensitive
186,Selfish
186,Perfectionist
186,Anxious
187,Distracted
188,Introverted
189,Immature
189,Impatient
189,Distracted
190,Controlling
190,Passive
191,Impulsive
191,Undisciplined
192,Stubborn
192,Competitive
192,Passive
193,Stubborn
193,Immature
194,Anxious
194,Conventional
195,Indifferent
195,Impatient
196,Sensitive
196,Anxious
196,Indecisive
197,Distracted
197,Conventional
197,Chaotic
198,Selfish
198,Sensitive
198,Intolerant
199,Critical
199,Competitive
200,Stubborn
200,Introverted
201,Overbearing
202,Slow
202,Indecisive
202,Undisciplined
203,Selfish
204,Introverted
204,Immature
204,Sensitive
205,Immature
205,Perfectionist
205,Distracted
206,Impatient
207,Immature
207,Conventional
208,Distracted
208,Immature
208,Overbearing
209,Anxious
209,Impatient
209,Sensitive
210,Stubborn
211,Procrastination
212,Procrastination
213,Indecisive
214,Conventional
214,Overbearing
215,Indifferent
216,Selfish
216,Immature
217,Critical
217,Distracted
217,Perfectionist
218,Stubborn
218,Conventional
219,Controlling
220,Controlling
221,Chaotic
221,Perfectionist
221,Critical
222,Perfectionist
222,Distracted
223,Immature
224,Intolerant
224,Chatty
224,Perfectionist
225,Introverted
225,Impatient
225,Stubborn
226,Passive
226,Impatient
226,Introverted
227,Sensitive
228,Slow
229,Stubborn
230,Anxious
230,Introverted
230,Conventional
231,Perfectionist
232,Undisciplined
232,Indifferent
232,Immature
233,Perfectionist
234,Competitive
235,Chaotic
235,Competitive
235,Controlling
236,Selfish
236,Immature
237,Introverted
237,Sensitive
237,Chaotic
238,Procrastination
238,Passive
238,Slow
239,Critical
239,Anxious
240,Anxious
240,Procrastination
241,Indifferent
241,Slow
242,Passive
242,Chatty
243,Conventional
244,Anxious
245,Impatient
245,Intolerant
245,Undisciplined
246,Controlling
246,Slow
246,Indecisive
247,Selfish
248,Impatient
249,Competitive
249,Overbearing
250,Introverted
250,Overbearing
251,Intolerant
251,Selfish
251,Passive
252,Passive
253,Anxious
254,Critical
254,Distracted
254,Introverted
255,Overbearing
256,Competitive
256,Impatient
257,Stubborn
258,Chatty
258,Procrastination
258,Chaotic
259,Slow
259,Indifferent
259,Anxious
260,Competitive
260,Impulsive
260,Conventional
261,Procrastination
261,Indifferent
262,Conventional
263,Selfish
263,Immature
264,Competitive
264,Conventional
265,Introverted
266,Competitive
266,Overbearing
266,Selfish
267,Perfectionist
267,Sensitive
268,Procrastination
268,Controlling
268,Sensitive
269,Overbearing
270,Procrastination
270,Distracted
270,Indifferent
271,Perfectionist
271,Overbearing
271,Critical
272,Immature
272,Impatient
272,Sensitive
273,Selfish
273,Introverted
273,Slow
274,Intolerant
274,Immature
275,Chatty
275,Intolerant
275,Passive
276,Controlling
277,Chaotic
277,Slow
278,Sensitive
278,Conventional
278,Immature
279,Overbearing
279,Sensitive
279,Selfish
280,Procrastination
280,Slow
280,Overbearing
281,Sensitive
282,Slow
282,Anxious
283,Perfectionist
283,Distracted
284,Introverted
284,Chatty
285,Introverted
286,Undisciplined
286,Slow
287,Indifferent
287,Chatty
288,Slow
289,Intolerant
289,Stubborn
289,Anxious
290,Competitive
290,Indifferent
290,Controlling
291,Impulsive
292,Passive
292,Slow
293,Slow
294,Undisciplined
295,Impatient
295,Undisciplined
296,Chaotic
296,Sensitive
297,Passive
297,Introverted
298,Passive
298,Controlling
299,Passive
299,Indifferent
299,Competitive
300,Indifferent
300,Undisciplined
301,Impulsive
301,Anxious
301,Sensitive
302,Intolerant
302,Overbearing
303,Slow
303,Sensitive
303,Intolerant
304,Slow
304,Anxious
305,Passive
305,Anxious
306,Introverted
307,Passive
308,Procrastination
308,Stubborn
308,Critical
309,Selfish
309,Intolerant
309,Anxious
310,Passive
310,Procrastination
310,Introverted
311,Conventional
311,Introverted
311,Sensitive
312,Sensitive
312,Impulsive
312,Conventional
313,Passive
313,Impulsive
313,Stubborn
314,Impatient
314,Sensitive
314,Undisciplined
315,Sensitive
315,Slow
316,Selfish
316,Passive
317,Critical
317,Intolerant
317,Controlling
318,Intolerant
319,Impatient
320,Distracted
321,Indifferent
321,Immature
321,Stubborn
322,Overbearing
323,Immature
323,Undisciplined
323,Passive
324,Impulsive
324,Indecisive
324,Perfectionist
325,Indifferent
326,Impatient
327,Conventional
327,Chaotic
328,Chaotic
329,Procrastination
330,Indifferent
330,Immature
331,Slow
331,Undisciplined
332,Chaotic
332,Undisciplined
333,Indifferent
333,Selfish
333,Overbearing
334,Intolerant
335,Procrastination
335,Conventional
335,Chaotic
336,Controlling
336,Stubborn
336,Slow
337,Indifferent
337,Slow
337,Stubborn
338,Slow
338,Introverted
338,Procrastination
339,Impatient
340,Selfish
340,Introverted
340,Stubborn
341,Procrastination
341,Immature
341,Impatient
342,Chaotic
342,Slow
342,Chatty
343,Sensitive
344,Immature
345,Immature
346,Intolerant
346,Impulsive
346,Passive
347,Competitive
348,Selfish
348,Procrastination
349,Chaotic
349,Intolerant
349,Undisciplined
350,Sensitive
350,Chatty
350,Distracted
351,Chatty
351,Critical
352,Slow
352,Conventional
352,Competitive
353,Passive
353,Impatient
354,Procrastination
354,Perfectionist
355,Procrastination
355,Perfectionist
356,Chaotic
356,Competitive
357,Indecisive
357,Critical
358,Slow
358,Intolerant
358,Stubborn
359,Indifferent
359,Chaotic
359,Sensitive
360,Passive
360,Undisciplined
361,Competitive
361,Controlling
361,Slow
362,Indecisive
363,Chaotic
363,Competitive
364,Intolerant
364,Impulsive
365,Overbearing
365,Conventional
366,Overbearing
366,Stubborn
367,Selfish
367,Chatty
367,Controlling
368,Distracted
368,Anxious
369,Impulsive
370,Stubborn
370,Passive
371,Impatient
371,Immature
371,Selfish
372,Undisciplined
372,Indecisive
372,Distracted
373,Conventional
373,Indifferent
373,Impatient
374,Critical
374,Procrastination
375,Anxious
375,Conventional
376,Intolerant
376,Controlling
377,Perfectionist
377,Slow
377,Undisciplined
378,Perfectionist
378,Intolerant
378,Overbearing
379,Indecisive
380,Undisciplined
381,Procrastination
381,Impatient
382,Intolerant
383,Undisciplined
384,Procrastination
385,Indecisive
385,Selfish
386,Undisciplined
386,Immature
386,Passive
387,Distracted
388,Competitive
388,Procrastination
389,Anxious
390,Chaotic
390,Impulsive
390,Critical
391,Chaotic
391,Introverted
392,Procrastination
393,Perfectionist
393,Immature
393,Indifferent
394,Introverted
395,Indifferent
396,Perfectionist
396,Indecisive
396,Impatient
397,Distracted
397,Undisciplined
398,Chaotic
398,Indecisive
399,Overbearing
400,Passive
401,Overbearing
401,Impulsive
402,Undisciplined
402,Indecisive
402,Critical
403,Competitive
403,Stubborn
403,Chatty
404,Indecisive
404,Impulsive
405,Chatty
406,Conventional
406,Undisciplined
406,Indifferent
407,Indecisive
407,Controlling
408,Impulsive
408,Introverted
409,Chaotic
409,Slow
410,Perfectionist
411,Immature
411,Overbearing
411,Anxious
412,Introverted
412,Controlling
412,Distracted
413,Indifferent
413,Immature
413,Introverted
414,Indecisive
415,Critical
415,Impatient
416,Overbearing
416,Critical
416,Controlling
417,Sensitive
417,Intolerant
417,Impulsive
418,Sensitive
419,Immature
420,Intolerant
421,Indifferent
421,Overbearing
422,Undisciplined
422,Conventional
423,Competitive
423,Overbearing
424,Procrastination
425,Indifferent
426,Immature
426,Selfish
426,Impatient
427,Introverted
427,Indecisive
427,Procrastination
428,Selfish
428,Slow
429,Anxious
429,Sensitive
429,Passive
430,Stubborn
431,Distracted
431,Immature
431,Stubborn
432,Impulsive
433,Indifferent
434,Competitive
435,Overbearing
436,Conventional
436,Perfectionist
437,Overbearing
438,Perfectionist
438,Controlling
439,Anxious
439,Immature
439,Competitive
440,Distracted
440,Stubborn
441,Competitive
442,Critical
442,Indecisive
442,Immature
443,Chaotic
443,Sensitive
444,Perfectionist
444,Overbearing
445,Competitive
445,Impulsive
446,Immature
446,Chaotic
447,Selfish
447,Chaotic
448,Introverted
449,Chatty
450,Sensitive
450,Passive
450,Impulsive
451,Slow
451,Chatty
452,Indifferent
453,Sensitive
454,Selfish
454,Impatient
454,Chatty
455,Indecisive
455,Anxious
455,Sensitive
456,Passive
456,Conventional
457,Sensitive
458,Controlling
459,Procrastination
460,Passive
460,Slow
461,Chaotic
462,Distracted
463,Competitive
464,Procrastination
465,Controlling
466,Chatty
467,Chatty
468,Passive
468,Introverted
468,Anxious
469,Undisciplined
470,Intolerant
470,Chatty
470,Chaotic
471,Impatient
471,Impulsive
472,Stubborn
473,Controlling
473,Impatient
474,Impulsive
474,Stubborn
474,Distracted
475,Intolerant
475,Overbearing
476,Slow
476,Impatient
477,Distracted
477,Competitive
478,Anxious
478,Indifferent
479,Indifferent
479,Undisciplined
480,Overbearing
481,Passive
482,Immature
483,Competitive
483,Distracted
483,Impatient
484,Sensitive
484,Intolerant
484,Overbearing
485,Intolerant
486,Intolerant
486,Chatty
486,Indecisive
487,Overbearing
488,Chaotic
488,Anxious
489,Conventional
489,Chatty
490,Passive
490,Chatty
490,Indecisive
491,Procrastination
491,Perfectionist
492,Competitive
493,Slow
493,Competitive
493,Indecisive
494,Intolerant
495,Impatient
496,Critical
496,Conventional
497,Critical
497,Slow
497,Indifferent
498,Competitive
498,Distracted
498,Selfish
499,Anxious
499,Slow
499,Introverted
500,Impatient
500,Slow
500,Selfish
501,Sensitive
501,Perfectionist
501,Overbearing
502,Impatient
503,Indifferent
503,Competitive
504,Conventional
504,Indecisive
504,Stubborn
505,Controlling
505,Stubborn
506,Competitive
507,Indecisive
507,Sensitive
507,Anxious
508,Slow
508,Chatty
508,Indecisive
509,Anxious
510,Undisciplined
511,Passive
511,Overbearing
511,Sensitive
512,Indecisive
512,Distracted
513,Slow
513,Conventional
514,Conventional
514,Indecisive
514,Undisciplined
515,Impulsive
515,Immature
515,Selfish
516,Controlling
517,Distracted
517,Selfish
518,Selfish
519,Slow
519,Chatty
519,Introverted
520,Overbearing
521,Undisciplined
522,Conventional
522,Procrastination
523,Procrastination
523,Indecisive
524,Impatient
525,Competitive
526,Slow
526,Indecisive
527,Procrastination
527,Controlling
528,Conventional
529,Intolerant
529,Anxious
530,Stubborn
530,Procrastination
530,Passive
531,Controlling
532,Controlling
533,Indecisive
534,Impatient
535,Indifferent
536,Perfectionist
537,Indifferent
537,Distracted
537,Chaotic
538,Anxious
538,Indecisive
538,Passive
539,Intolerant
539,Controlling
540,Perfectionist
540,Indifferent
540,Anxious
541,Overbearing
541,Undisciplined
542,Impulsive
542,Undisciplined
543,Critical
544,Conventional
544,Intolerant
544,Chatty
545,Slow
546,Undisciplined
547,Immature
547,Undisciplined
547,Perfectionist
548,Selfish
549,Overbearing
550,Slow
550,Distracted
551,Procrastination
552,Impatient
553,Anxious
554,Chaotic
554,Competitive
555,Controlling
555,Undisciplined
556,Introverted
556,Passive
557,Procrastination
557,Conventional
558,Impulsive
558,Undisciplined
559,Controlling
559,Competitive
559,Conventional
560,Slow
561,Sensitive
562,Procrastination
562,Competitive
563,Chaotic
564,Chatty
564,Distracted
564,Impulsive
565,Conventional
565,Slow
565,Anxious
566,Chatty
566,Competitive
567,Introverted
567,Perfectionist
567,Critical
568,Chatty
568,Impatient
568,Controlling
569,Slow
569,Anxious
570,Controlling
570,Impatient
570,Critical
571,Indifferent
571,Procrastination
572,Chatty
572,Impatient
573,Overbearing
574,Distracted
574,Perfectionist
574,Indecisive
575,Immature
575,Impulsive
576,Indecisive
577,Passive
577,Conventional
577,Indecisive
578,Overbearing
578,Critical
578,Sensitive
579,Sensitive
580,Undisciplined
581,Indecisive
581,Anxious
582,Impatient
582,Anxious
582,Undisciplined
583,Impulsive
584,Overbearing
584,Chatty
584,Anxious
585,Indecisive
585,Selfish
585,Chaotic
586,Chaotic
586,Conventional
587,Procrastination
588,Procrastination
588,Chatty
589,Sensitive
590,Selfish
590,Conventional
590,Sensitive
591,Chaotic
591,Impatient
591,Indecisive
592,Slow
592,Procrastination
592,Stubborn
593,Chaotic
593,Impatient
594,Introverted
594,Chaotic
595,Impulsive
596,Indecisive
596,Chatty
597,Slow
598,Indifferent
598,Sensitive
599,Anxious
600,Procrastination
600,Impatient
601,Conventional
601,Overbearing
602,Chaotic
602,Impatient
602,Indecisive
603,Impatient
604,Competitive
604,Slow
605,Undisciplined
605,Chatty
605,Competitive
606,Impulsive
607,Indifferent
607,Procrastination
608,Introverted
608,Undisciplined
608,Impatient
609,Conventional
610,Anxious
611,Undisciplined
612,Immature
612,Slow
613,Slow
614,Controlling
614,Immature
614,Perfectionist
615,Procrastination
616,Indifferent
617,Perfectionist
618,Anxious
619,Procrastination
619,Impulsive
620,Intolerant
621,Stubborn
621,Controlling
622,Chatty
622,Anxious
623,Indifferent
623,Competitive
624,Controlling
624,Overbearing
625,Indifferent
626,Undisciplined
626,Controlling
626,Critical
627,Anxious
627,Slow
627,Controlling
628,Conventional
628,Selfish
629,Intolerant
629,Competitive
629,Chatty
630,Anxious
630,Conventional
630,Intolerant
631,Passive
632,Immature
633,Indecisive
633,Conventional
633,Distracted
634,Passive
634,Chaotic
634,Procrastination
635,Indecisive
636,Perfectionist
637,Introverted
637,Indifferent
637,Controlling
638,Chaotic
639,Perfectionist
639,Impatient
639,Impulsive
640,Controlling
641,Chaotic
641,Overbearing
642,Sensitive
643,Impatient
643,Undisciplined
644,Critical
644,Indifferent
645,Sensitive
645,Indifferent
646,Chaotic
647,Conventional
647,Intolerant
647,Sensitive
648,Passive
648,Distracted
648,Perfectionist
649,Distracted
650,Distracted
650,Indifferent
650,Chaotic
651,Impatient
651,Overbearing
651,Procrastination
652,Impulsive
653,Sensitive
653,Perfectionist
653,Distracted
654,Critical
654,Sensitive
654,Indifferent
655,Critical
655,Chaotic
655,Stubborn
656,Anxious
656,Undisciplined
656,Conventional
657,Controlling
658,Indifferent
658,Indecisive
659,Procrastination
660,Undisciplined
660,Impulsive
660,Chatty
661,Chaotic
661,Procrastination
661,Selfish
662,Indecisive
662,Passive
663,Slow
664,Impatient
664,Introverted
665,Impatient
666,Intolerant
666,Anxious
666,Critical
667,Controlling
667,Impulsive
668,Indecisive
668,Conventional
668,Slow
669,Perfectionist
669,Overbearing
670,Slow
670,Stubborn
671,Controlling
672,Passive
673,Indifferent
674,Impatient
674,Competitive
674,Stubborn
675,Critical
675,Competitive
675,Anxious
676,Procrastination
676,Passive
677,Immature
677,Controlling
678,Passive
678,Undisciplined
678,Immature
679,Impatient
679,Anxious
680,Sensitive
680,Indecisive
680,Procrastination
681,Distracted
682,Chaotic
682,Indecisive
683,Impulsive
683,Critical
684,Slow
684,Overbearing
685,Intolerant
685,Introverted
686,Impatient
686,Selfish
686,Undisciplined
687,Impatient
687,Introverted
687,Undisciplined
688,Anxious
688,Slow
688,Distracted
689,Slow
689,Indecisive
690,Perfectionist
690,Procrastination
691,Slow
691,Introverted
692,Anxious
692,Chatty
693,Overbearing
694,Intolerant
694,Controlling
694,Indifferent
695,Overbearing
695,Undisciplined
695,Impatient
696,Introverted
696,Impatient
696,Passive
697,Conventional
697,Intolerant
697,Sensitive
698,Overbearing
699,Impatient
699,Procrastination
700,Selfish
700,Controlling
700,Introverted
701,Selfish
701,Controlling
701,Introverted
702,Stubborn
702,Chatty
703,Passive
703,Immature
704,Sensitive
704,Undisciplined
705,Intolerant
706,Stubborn
706,Critical
707,Distracted
707,Impatient
708,Critical
708,Indecisive
708,Procrastination
709,Selfish
710,Competitive
710,Conventional
710,Selfish
711,Overbearing
712,Anxious
712,Introverted
712,Procrastination
713,Impatient
713,Passive
714,Distracted
714,Conventional
714,Immature
715,Indifferent
716,Passive
716,Competitive
717,Selfish
717,Competitive
718,Indifferent
719,Distracted
719,Chatty
720,Distracted
720,Introverted
721,Chatty
722,Impatient
722,Controlling
722,Critical
723,Sensitive
724,Introverted
724,Impatient
724,Distracted
725,Controlling
726,Competitive
726,Selfish
726,Immature
727,Conventional
728,Conventional
728,Controlling
729,Sensitive
729,Intolerant
729,Immature
730,Immature
730,Perfectionist
730,Introverted
731,Impulsive
731,Introverted
732,Distracted
733,Impulsive
733,Intolerant
733,Procrastination
734,Conventional
735,Distracted
736,Passive
737,Undisciplined
738,Undisciplined
738,Controlling
739,Controlling
739,Overbearing
739,Intolerant
740,Intolerant
741,Conventional
741,Indecisive
742,Controlling
742,Anxious
742,Competitive
743,Controlling
743,Slow
743,Impulsive
744,Immature
745,Indecisive
746,Conventional
747,Impatient
748,Procrastination
749,Impulsive
749,Undisciplined
749,Distracted
750,Chatty
750,Passive
751,Overbearing
751,Slow
752,Indecisive
752,Competitive
753,Procrastination
754,Controlling
754,Indecisive
755,Distracted
755,Procrastination
756,Anxious
756,Distracted
756,Passive
757,Indecisive
757,Critical
757,Selfish
758,Selfish
758,Chaotic
758,Controlling
759,Selfish
759,Conventional
760,Critical
761,Slow
761,Critical
761,Indifferent
762,Indifferent
762,Impulsive
763,Immature
763,Impatient
764,Conventional
764,Immature
764,Critical
765,Indifferent
766,Chatty
766,Chaotic
767,Chaotic
768,Passive
769,Competitive
769,Conventional
770,Anxious
771,Impulsive
771,Procrastination
772,Selfish
773,Chaotic
773,Critical
774,Indifferent
775,Anxious
775,Controlling
776,Controlling
777,Controlling
778,Undisciplined
778,Impatient
778,Conventional
779,Selfish
779,Impatient
779,Chaotic
780,Chatty
781,Anxious
782,Indifferent
782,Competitive
783,Controlling
784,Undisciplined
785,Controlling
785,Conventional
785,Perfectionist
786,Overbearing
787,Chaotic
788,Selfish
788,Indecisive
788,Intolerant
789,Sensitive
790,Controlling
791,Anxious
791,Competitive
792,Impulsive
792,Introverted
793,Slow
794,Critical
794,Overbearing
795,Distracted
795,Critical
795,Indecisive
796,Undisciplined
796,Chatty
797,Distracted
797,Intolerant
797,Undisciplined
798,Indifferent
798,Competitive
798,Sensitive
799,Controlling
799,Chaotic
800,Impulsive
801,Immature
801,Chaotic
801,Slow
802,Distracted
802,Competitive
803,Passive
803,Competitive
803,Overbearing
804,Chaotic
804,Procrastination
804,Critical
805,Procrastination
805,Overbearing
806,Immature
807,Selfish
808,Undisciplined
808,Chatty
809,Impulsive
810,Chatty
810,Sensitive
810,Stubborn
811,Anxious
811,Perfectionist
811,Indifferent
812,Indecisive
812,Intolerant
812,Controlling
813,Chatty
813,Chaotic
813,Undisciplined
814,Chaotic
814,Controlling
815,Perfectionist
815,Procrastination
816,Overbearing
816,Selfish
817,Sensitive
817,Introverted
818,Conventional
818,Introverted
818,Chaotic
819,Passive
820,Procrastination
820,Sensitive
821,Critical
822,Sensitive
822,Distracted
823,Perfectionist
823,Competitive
824,Perfectionist
825,Passive
825,Chatty
825,Immature
826,Impatient
827,Chatty
828,Indecisive
828,Distracted
829,Critical
829,Conventional
830,Immature
830,Passive
830,Procrastination
831,Stubborn
832,Stubborn
833,Impulsive
834,Intolerant
835,Chaotic
835,Introverted
835,Chatty
836,Stubborn
836,Overbearing
836,Chatty
837,Slow
837,Impatient
838,Impatient
838,Impulsive
839,Indecisive
839,Selfish
840,Passive
840,Impulsive
840,Perfectionist
841,Perfectionist
841,Distracted
842,Stubborn
842,Intolerant
842,Chaotic
843,Undisciplined
843,Competitive
843,Introverted
844,Chatty
844,Sensitive
845,Competitive
845,Conventional
846,Overbearing
846,Distracted
846,Impatient
847,Slow
847,Indecisive
847,Selfish
848,Chaotic
849,Impatient
849,Selfish
849,Anxious
850,Stubborn
850,Impatient
851,Distracted
851,Competitive
851,Intolerant
852,Indecisive
852,Slow
853,Indecisive
853,Slow
854,Intolerant
854,Indifferent
855,Competitive
855,Distracted
855,Critical
856,Indifferent
857,Anxious
858,Sensitive
858,Stubborn
858,Indecisive
859,Immature
859,Introverted
859,Indifferent
860,Sensitive
860,Distracted
861,Indecisive
862,Anxious
862,Stubborn
863,Immature
863,Impatient
864,Procrastination
865,Anxious
865,Chaotic
865,Passive
866,Conventional
867,Chatty
868,Chaotic
868,Immature
869,Controlling
870,Slow
870,Procrastination
870,Overbearing
871,Intolerant
872,Controlling
872,Indecisive
872,Chaotic
873,Procrastination
873,Distracted
874,Indifferent
874,Immature
875,Sensitive
876,Selfish
876,Slow
876,Critical
877,Distracted
877,Controlling
877,Conventional
878,Selfish
879,Impatient
879,Conventional
879,Procrastination
880,Selfish
880,Impatient
881,Introverted
881,Impatient
882,Competitive
882,Impulsive
882,Conventional
883,Anxious
884,Passive
884,Indifferent
885,Perfectionist
885,Selfish
886,Chatty
886,Passive
886,Distracted
887,Controlling
887,Passive
887,Critical
888,Chaotic
888,Introverted
889,Chaotic
889,Introverted
890,Procrastination
891,Anxious
891,Procrastination
892,Impatient
892,Chatty
892,Conventional
893,Passive
893,Critical
893,Anxious
894,Competitive
894,Perfectionist
894,Critical
895,Chatty
896,Chatty
897,Competitive
898,Introverted
899,Distracted
899,Anxious
899,Conventional
900,Impatient
901,Competitive
901,Perfectionist
901,Impatient
902,Undisciplined
903,Chaotic
903,Conventional
903,Selfish
904,Intolerant
904,Distracted
904,Perfectionist
905,Indifferent
906,Indecisive
906,Undisciplined
906,Impatient
907,Slow
907,Competitive
908,Anxious
909,Selfish
909,Impulsive
909,Competitive
910,Undisciplined
910,Slow
910,Overbearing
911,Perfectionist
911,Chaotic
912,Distracted
912,Anxious
913,Introverted
913,Anxious
914,Sensitive
914,Immature
914,Impatient
915,Immature
915,Introverted
916,Impatient
916,Passive
917,Anxious
918,Distracted
918,Overbearing
919,Passive
919,Critical
919,Selfish
920,Chatty
921,Overbearing
922,Introverted
922,Conventional
923,Selfish
923,Immature
924,Anxious
924,Critical
925,Impulsive
925,Procrastination
925,Indifferent
926,Critical
926,Conventional
926,Distracted
927,Critical
927,Immature
928,Stubborn
928,Competitive
929,Indecisive
929,Indifferent
929,Sensitive
930,Selfish
930,Overbearing
930,Procrastination
931,Conventional
932,Competitive
932,Indifferent
933,Chaotic
933,Indifferent
934,Procrastination
934,Introverted
934,Perfectionist
935,Anxious
936,Intolerant
937,Undisciplined
937,Perfectionist
938,Slow
938,Conventional
939,Impatient
940,Competitive
940,Intolerant
940,Indecisive
941,Impulsive
941,Passive
942,Sensitive
942,Impatient
943,Chaotic
944,Controlling
944,Introverted
944,Competitive
945,Anxious
945,Intolerant
946,Introverted
947,Overbearing
947,Procrastination
948,Distracted
948,Selfish
948,Overbearing
949,Chatty
950,Undisciplined
950,Anxious
951,Chaotic
951,Impulsive
952,Indifferent
952,Selfish
952,Impatient
953,Conventional
954,Impatient
954,Indecisive
954,Overbearing
955,Undisciplined
956,Chaotic
956,Procrastination
957,Critical
957,Sensitive
958,Intolerant
959,Intolerant
959,Controlling
959,Overbearing
960,Sensitive
960,Introverted
961,Introverted
962,Immature
963,Chatty
964,Competitive
965,Intolerant
965,Introverted
966,Competitive
966,Introverted
967,Distracted
968,Slow
968,Indifferent
969,Controlling
970,Critical
970,Conventional
970,Passive
971,Distracted
971,Perfectionist
972,Stubborn
972,Impatient
972,Anxious
973,Chatty
973,Chaotic
973,Perfectionist
974,Sensitive
975,Passive
975,Selfish
976,Slow
976,Introverted
976,Selfish
977,Immature
977,Stubborn
978,Intolerant
979,Introverted
979,Indifferent
980,Slow
980,Stubborn
981,Critical
981,Indecisive
981,Slow
982,Immature
982,Impulsive
982,Distracted
983,Chaotic
983,Introverted
983,Conventional
984,Introverted
985,Chaotic
986,Intolerant
986,Impatient
987,Competitive
987,Anxious
987,Sensitive
988,Impatient
989,Stubborn
989,Undisciplined
989,Anxious
990,Distracted
991,Critical
991,Intolerant
991,Immature
992,Procrastination
993,Anxious
993,Critical
994,Undisciplined
995,Selfish
996,Overbearing
996,Conventional
997,Anxious
997,Introverted
997,Sensitive
998,Selfish
999,Competitive
999,Undisciplined
1000,Overbearing
1000,Impatient
1001,Procrastination
1001,Intolerant
1001,Immature
1002,Chatty
1003,Impulsive
1004,Sensitive
1004,Impulsive
1005,Impulsive
1006,Impatient
1007,Chatty
1007,Anxious
1008,Selfish
1009,Stubborn
1009,Critical
1009,Perfectionist
1010,Undisciplined
1011,Controlling
1012,Overbearing
1012,Procrastination
1012,Impulsive
1013,Impatient
1014,Controlling
1014,Stubborn
1014,Immature
1015,Stubborn
1015,Perfectionist
1016,Impatient
1017,Immature
1017,Impatient
1017,Competitive
1018,Distracted
1018,Passive
1019,Chatty
1020,Chatty
1021,Sensitive
1021,Slow
1022,Passive
1023,Stubborn
1023,Distracted
1024,Competitive
1024,Anxious
1025,Procrastination
1026,Selfish
1026,Critical
1027,Sensitive
1028,Conventional
1028,Indecisive
1028,Sensitive
1029,Undisciplined
1029,Chaotic
1030,Distracted
1030,Overbearing
1030,Chatty
1031,Controlling
1031,Impulsive
1032,Competitive
1033,Anxious
1034,Passive
1035,Competitive
1036,Impatient
1036,Undisciplined
1036,Procrastination
1037,Anxious
1038,Sensitive
1038,Controlling
1039,Controlling
1039,Chaotic
1040,Indecisive
1040,Chatty
1041,Passive
1042,Perfectionist
1042,Passive
1043,Stubborn
1043,Immature
1043,Passive
1044,Immature
1044,Indecisive
1045,Immature
1045,Selfish
1045,Procrastination
1046,Selfish
1046,Conventional
1046,Intolerant
1047,Indecisive
1048,Indecisive
1049,Procrastination
1049,Slow
1050,Immature
1050,Passive
1050,Critical
1051,Intolerant
1052,Introverted
1053,Undisciplined
1054,Indifferent
1054,Introverted
1054,Overbearing
1055,Distracted
1055,Stubborn
1055,Procrastination
1056,Controlling
1056,Stubborn
1056,Passive
1057,Indecisive
1057,Passive
1057,Introverted
1058,Conventional
1059,Indifferent
1060,Indifferent
1061,Controlling
1061,Critical
1062,Conventional
1062,Introverted
1063,Slow
1063,Sensitive
1064,Undisciplined
1064,Competitive
1064,Immature
1065,Intolerant
1065,Chatty
1066,Anxious
1066,Critical
1067,Passive
1067,Chaotic
1067,Impulsive
1068,Critical
1068,Selfish
1069,Intolerant
1069,Impatient
1070,Introverted
1070,Impulsive
1071,Indifferent
1071,Procrastination
1072,Indecisive
1073,Indecisive
1074,Impatient
1074,Procrastination
1075,Intolerant
1076,Controlling
1076,Chaotic
1077,Slow
1077,Stubborn
1078,Anxious
1078,Procrastination
1078,Slow
1079,Impulsive
1080,Competitive
1080,Perfectionist
1081,Chaotic
1082,Undisciplined
1082,Chaotic
1083,Controlling
1083,Chaotic
1084,Procrastination
1084,Indecisive
1085,Impulsive
1085,Impatient
1085,Indifferent
1086,Procrastination
1087,Intolerant
1088,Sensitive
1088,Selfish
1088,Controlling
1089,Passive
1090,Competitive
1090,Anxious
1090,Indecisive
1091,Chatty
1091,Distracted
1091,Perfectionist
1092,Passive
1092,Conventional
1092,Indecisive
1093,Conventional
1093,Chaotic
1093,Critical
1094,Competitive
1094,Critical
1095,Impulsive
1095,Distracted
1096,Sensitive
1096,Passive
1097,Chaotic
1097,Indecisive
1098,Impatient
1098,Sensitive
1098,Overbearing
1099,Undisciplined
1099,Slow
1099,Chaotic
1100,Anxious
1100,Controlling
1101,Conventional
1101,Perfectionist
1102,Intolerant
1103,Conventional
1103,Critical
1104,Sensitive
1105,Perfectionist
1106,Procrastination
1106,Impatient
1106,Overbearing
1107,Chatty
1108,Introverted
1108,Impulsive
1109,Stubborn
1109,Intolerant
1110,Critical
1111,Anxious
1112,Chaotic
1112,Indecisive
1112,Passive
1113,Immature
1114,Impulsive
1114,Perfectionist
1114,Critical
1115,Impulsive
1115,Perfectionist
1116,Impulsive
1116,Procrastination
1117,Controlling
1117,Stubborn
1118,Impatient
1118,Undisciplined
1118,Critical
1119,Procrastination
1119,Distracted
1119,Overbearing
1120,Controlling
1121,Stubborn
1121,Critical
1122,Overbearing
1123,Competitive
1124,Conventional
1124,Impatient
1125,Procrastination
1126,Chatty
1127,Indecisive
1128,Indifferent
1128,Selfish
1128,Impatient
1129,Indecisive
1129,Immature
1129,Chaotic
1130,Impulsive
1131,Stubborn
1131,Anxious
1131,Passive
1132,Undisciplined
1133,Sensitive
1133,Immature
1134,Slow
1135,Indecisive
1135,Indifferent
1136,Sensitive
1136,Stubborn
1137,Distracted
1137,Conventional
1137,Overbearing
1138,Controlling
1139,Indecisive
1139,Procrastination
1140,Anxious
1140,Indecisive
1140,Perfectionist
1141,Indecisive
1142,Chatty
1142,Impulsive
1142,Undisciplined
1143,Intolerant
1143,Passive
1144,Indecisive
1145,Sensitive
1146,Overbearing
1146,Intolerant
1147,Competitive
1147,Distracted
1148,Critical
1149,Indecisive
1150,Selfish
1150,Competitive
1150,Intolerant
1151,Slow
1151,Intolerant
1152,Controlling
1153,Anxious
1154,Distracted
1154,Sensitive
1155,Selfish
1155,Undisciplined
1156,Controlling
1157,Anxious
1157,Critical
1158,Anxious
1158,Introverted
1158,Overbearing
1159,Stubborn
1159,Controlling
1160,Impatient
1160,Competitive
1160,Impulsive
1161,Intolerant
1161,Conventional
1161,Selfish
1162,Indecisive
1162,Slow
1162,Impatient
1163,Anxious
1163,Immature
1163,Intolerant
1164,Distracted
1164,Anxious
1164,Immature
1165,Passive
1166,Introverted
1167,Introverted
1168,Overbearing
1169,Perfectionist
1169,Intolerant
1170,Undisciplined
1171,Procrastination
1171,Sensitive
1171,Impulsive
1172,Sensitive
1172,Procrastination
1173,Stubborn
1173,Introverted
1173,Indecisive
1174,Introverted
1174,Controlling
1174,Undisciplined
1175,Overbearing
1175,Conventional
1175,Competitive
1176,Anxious
1176,Stubborn
1177,Sensitive
1177,Immature
1177,Stubborn
1178,Impatient
1179,Chaotic
1179,Indifferent
1180,Distracted
1181,Perfectionist
1181,Critical
1182,Procrastination
1183,Controlling
1183,Stubborn
1184,Impatient
1185,Anxious
1185,Immature
1185,Passive
1186,Competitive
1186,Procrastination
1186,Introverted
1187,Critical
1188,Impulsive
1188,Passive
1189,Distracted
1190,Immature
1191,Slow
1192,Perfectionist
1193,Distracted
1193,Introverted
1194,Impulsive
1194,Distracted
1194,Intolerant
1195,Introverted
1196,Chaotic
1196,Sensitive
1197,Passive
1197,Chatty
1197,Anxious
1198,Slow
1198,Distracted
1199,Indifferent
1199,Critical
1199,Slow
1200,Sensitive
1200,Stubborn
1200,Impatient
1201,Competitive
1201,Conventional
1202,Passive
1202,Perfectionist
1203,Perfectionist
1203,Impatient
1204,Introverted
1205,Stubborn
1205,Controlling
1206,Anxious
1207,Anxious
1208,Conventional
1208,Chaotic
1208,Chatty
1209,Introverted
1209,Chatty
1209,Indecisive
1210,Undisciplined
1210,Conventional
1211,Intolerant
1211,Indifferent
1211,Competitive
1212,Perfectionist
1213,Chatty
1213,Conventional
1214,Undisciplined
1214,Overbearing
1214,Immature
1215,Selfish
1216,Chaotic
1217,Stubborn
1217,Perfectionist
1217,Competitive
1218,Chatty
1218,Introverted
1219,Conventional
1219,Slow
1220,Indecisive
1220,Competitive
1221,Chatty
1222,Sensitive
1222,Immature
1223,Indifferent
1224,Impulsive
1224,Intolerant
1224,Chatty
1225,Critical
1226,Slow
1227,Indecisive
1227,Critical
1227,Chatty
1228,Critical
1228,Chatty
1229,Anxious
1230,Chaotic
1230,Passive
1230,Chatty
1231,Impulsive
1232,Overbearing
1232,Selfish
1232,Passive
1233,Passive
1233,Impulsive
1234,Distracted
1234,Indecisive
1234,Perfectionist
1235,Stubborn
1236,Undisciplined
1236,Chaotic
1236,Introverted
1237,Anxious
1238,Overbearing
1238,Conventional
1239,Critical
1239,Impatient
1239,Overbearing
1240,Procrastination
1240,Distracted
1240,Controlling
1241,Sensitive
1242,Conventional
1242,Procrastination
1242,Undisciplined
1243,Sensitive
1243,Conventional
1244,Critical
1245,Stubborn
1245,Undisciplined
1246,Slow
1246,Sensitive
1246,Competitive
1247,Immature
1247,Passive
1247,Critical
1248,Immature
1248,Passive
1248,Critical
1249,Chaotic
1249,Conventional
1249,Chatty
1250,Passive
1250,Perfectionist
1250,Stubborn
1251,Indecisive
1251,Immature
1251,Conventional
1252,Stubborn
1253,Stubborn
1254,Selfish
1254,Distracted
1255,Slow
1255,Sensitive
1255,Anxious
1256,Impulsive
1256,Passive
1257,Anxious
1258,Undisciplined
1258,Indecisive
1258,Conventional
1259,Conventional
1259,Impulsive
1260,Impatient
1260,Perfectionist
1261,Chatty
1262,Introverted
1263,Immature
1264,Indifferent
1264,Selfish
1265,Introverted
1266,Introverted
1266,Distracted
1266,Chatty
1267,Impulsive
1268,Indecisive
1268,Procrastination
1269,Controlling
1269,Procrastination
1269,Immature
1270,Procrastination
1271,Selfish
1272,Procrastination
1272,Anxious
1273,Intolerant
1274,Passive
1274,Controlling
1274,Immature
1275,Perfectionist
1276,Conventional
1276,Chaotic
1276,Slow
1277,Passive
1277,Controlling
1278,Impatient
1278,Immature
1279,Overbearing
1279,Impulsive
1279,Selfish
1280,Controlling
1280,Anxious
1281,Introverted
1282,Sensitive
1283,Undisciplined
1284,Chaotic
1285,Stubborn
1286,Slow
1287,Sensitive
1288,Sensitive
1288,Perfectionist
1289,Indecisive
1290,Critical
1290,Procrastination
1290,Chatty
1291,Critical
1291,Procrastination
1291,Chatty
1292,Controlling
1292,Passive
1293,Undisciplined
1294,Undisciplined
1295,Anxious
1295,Overbearing
1296,Stubborn
1296,Selfish
1296,Passive
1297,Passive
1298,Chatty
1299,Selfish
1300,Passive
1300,Chaotic
1301,Indecisive
1301,Anxious
1302,Procrastination
1302,Conventional
1303,Procrastination
1303,Anxious
1303,Chaotic
1304,Impulsive
1304,Stubborn
1305,Perfectionist
1305,Passive
1305,Stubborn
1306,Indifferent
1307,Intolerant
1307,Sensitive
1307,Conventional
1308,Undisciplined
1308,Anxious
1308,Competitive
1309,Slow
1309,Passive
1310,Chaotic
1311,Sensitive
1311,Passive
1311,Introverted
1312,Introverted
1313,Sensitive
1313,Impulsive
1314,Indecisive
1315,Stubborn
1315,Sensitive
1316,Slow
1316,Selfish
1317,Indecisive
1318,Introverted
1318,Undisciplined
1318,Impatient
1319,Procrastination
1319,Impatient
1320,Selfish
1320,Undisciplined
1320,Conventional
1321,Intolerant
1321,Chaotic
1321,Indecisive
1322,Conventional
1322,Intolerant
1322,Indifferent
1323,Impatient
1323,Conventional
1324,Procrastination
1325,Introverted
1325,Procrastination
1326,Controlling
1326,Procrastination
1327,Overbearing
1327,Distracted
1328,Slow
1328,Perfectionist
1328,Indecisive
1329,Indecisive
1330,Sensitive
1330,Passive
1331,Competitive
1331,Undisciplined
1332,Anxious
1332,Procrastination
1333,Slow
1333,Chatty
1334,Indifferent
1335,Intolerant
1335,Chaotic
1335,Distracted
1336,Perfectionist
1336,Distracted
1337,Perfectionist
1337,Indifferent
1338,Impulsive
1339,Undisciplined
1339,Distracted
1340,Impulsive
1341,Selfish
1342,Immature
1343,Passive
1343,Critical
1343,Impatient
1344,Critical
1345,Immature
1345,Indifferent
1345,Critical
1346,Undisciplined
1346,Chatty
1347,Immature
1347,Intolerant
1348,Passive
1348,Indifferent
1348,Perfectionist
1349,Stubborn
1350,Critical
1351,Indifferent
1351,Introverted
1352,Overbearing
1352,Procrastination
1353,Competitive
1353,Chaotic
1354,Undisciplined
1354,Selfish
1355,Undisciplined
1356,Stubborn
1356,Procrastination
1357,Passive
1357,Overbearing
1357,Procrastination
1358,Immature
1359,Controlling
1359,Impatient
1360,Critical
1360,Procrastination
1361,Selfish
1361,Overbearing
1362,Indifferent
1363,Conventional
1363,Slow
1364,Anxious
1364,Controlling
1364,Immature
1365,Chaotic
1366,Distracted
1366,Introverted
1367,Selfish
1367,Stubborn
1368,Procrastination
1369,Distracted
1369,Sensitive
1370,Indecisive
1371,Controlling
1371,Passive
1371,Perfectionist
1372,Slow
1373,Conventional
1374,Chatty
1374,Chaotic
1375,Indecisive
1376,Procrastination
1376,Anxious
1376,Controlling
1377,Overbearing
1377,Undisciplined
1378,Competitive
1378,Sensitive
1378,Immature
1379,Chaotic
1379,Slow
1379,Perfectionist
1380,Perfectionist
1381,Conventional
1381,Chaotic
1381,Passive
1382,Anxious
1383,Distracted
1383,Introverted
1384,Introverted
1384,Anxious
1385,Procrastination
1385,Undisciplined
1385,Chaotic
1386,Indecisive
1386,Perfectionist
1387,Impatient
1388,Impatient
1389,Critical
1390,Competitive
1390,Passive
1390,Anxious
1391,Slow
1392,Anxious
1392,Indifferent
1393,Slow
1393,Chatty
1394,Stubborn
1394,Selfish
1395,Intolerant
1395,Immature
1395,Indifferent
1396,Perfectionist
1397,Stubborn
1398,Stubborn
1398,Undisciplined
1398,Perfectionist
1399,Perfectionist
1399,Overbearing
1399,Sensitive
1400,Chaotic
1400,Impulsive
1401,Undisciplined
1402,Competitive
1402,Slow
1403,Introverted
1404,Sensitive
1404,Distracted
1405,Controlling
1405,Procrastination
1406,Impatient
1406,Indecisive
1406,Passive
1407,Indifferent
1407,Impatient
1407,Passive
1408,Critical
1408,Chatty
1409,Selfish
1409,Overbearing
1409,Conventional
1410,Chaotic
1410,Stubborn
1411,Critical
1412,Chatty
1413,Competitive
1414,Chatty
1414,Conventional
1414,Chaotic
1415,Chatty
1415,Conventional
1415,Chaotic
1416,Stubborn
1417,Passive
1417,Perfectionist
1417,Overbearing
1418,Indecisive
1418,Controlling
1418,Introverted
1419,Overbearing
1420,Competitive
1420,Immature
1420,Controlling
1421,Slow
1421,Chaotic
1422,Perfectionist
1422,Competitive
1422,Sensitive
1423,Introverted
1423,Indecisive
1423,Critical
1424,Stubborn
1425,Conventional
1426,Sensitive
1426,Competitive
1427,Chaotic
1428,Competitive
1429,Passive
1429,Immature
1430,Impatient
1431,Procrastination
1431,Impatient
1431,Stubborn
1432,Conventional
1432,Indifferent
1433,Chaotic
1433,Competitive
1434,Perfectionist
1434,Impulsive
1435,Chatty
1435,Critical
1436,Critical
1436,Distracted
1437,Stubborn
1437,Immature
1438,Controlling
1439,Immature
1439,Intolerant
1439,Impulsive
1440,Impatient
1441,Slow
1442,Undisciplined
1443,Passive
1443,Chaotic
1443,Critical
1444,Procrastination
1445,Selfish
1445,Overbearing
1446,Chaotic
1446,Intolerant
1446,Passive
1447,Indifferent
1447,Sensitive
1447,Overbearing
1448,Indecisive
1449,Sensitive
1449,Undisciplined
1450,Overbearing
1450,Procrastination
1450,Chaotic
1451,Introverted
1451,Chatty
1452,Sensitive
1453,Passive
1453,Undisciplined
1453,Overbearing
1454,Anxious
1454,Chatty
1455,Anxious
1455,Slow
1455,Chatty
1456,Procrastination
1456,Selfish
1456,Chatty
1457,Impulsive
1457,Critical
1457,Anxious
1458,Impulsive
1458,Undisciplined
1458,Procrastination
1459,Impulsive
1459,Distracted
1460,Chaotic
1460,Indifferent
1461,Chaotic
1462,Chaotic
1462,Conventional
1463,Impulsive
1463,Chatty
1463,Stubborn
1464,Indifferent
1464,Anxious
1464,Intolerant
1465,Introverted
1465,Competitive
1466,Stubborn
1466,Controlling
1466,Overbearing
1467,Perfectionist
1467,Procrastination
1467,Chaotic
1468,Slow
1468,Stubborn
1469,Critical
1469,Selfish
1469,Passive
1470,Immature
1471,Selfish
1471,Overbearing
1471,Impatient
1472,Slow
1472,Impulsive
1472,Conventional
1473,Overbearing
1474,Sensitive
1474,Procrastination
1475,Sensitive
1475,Introverted
1475,Impulsive
1476,Overbearing
1476,Distracted
1476,Passive
1477,Perfectionist
1477,Critical
1477,Overbearing
1478,Overbearing
1478,Undisciplined
1479,Sensitive
1480,Overbearing
1480,Anxious
1481,Sensitive
1481,Critical
1482,Controlling
1483,Overbearing
1483,Chatty
1483,Perfectionist
1484,Distracted
1485,Slow
1486,Anxious
1487,Passive
1487,Sensitive
1487,Selfish
1488,Intolerant
1488,Controlling
1489,Selfish
1490,Competitive
1491,Competitive
1491,Undisciplined
1492,Passive
1493,Competitive
1494,Stubborn
1494,Anxious
1495,Anxious
1496,Procrastination
1496,Indifferent
1497,Overbearing
1498,Undisciplined
1498,Stubborn
1498,Procrastination
1499,Overbearing
1499,Chatty
1500,Slow
1500,Impatient
1500,Intolerant
1501,Impatient
1501,Chatty
1502,Immature
1502,Stubborn
1503,Anxious
1503,Slow
1503,Indecisive
1504,Undisciplined
1504,Distracted
1504,Introverted
1505,Introverted
1505,Impatient
1506,Impatient
1507,Indecisive
1507,Conventional
1507,Selfish
1508,Distracted
1508,Passive
1508,Competitive
1509,Competitive
1509,Selfish
1510,Impatient
1510,Competitive
1511,Conventional
1511,Impulsive
1511,Impatient
1512,Impatient
1512,Anxious
1513,Intolerant
1513,Impulsive
1514,Slow
1515,Passive
1515,Sensitive
1515,Selfish
1516,Impatient
1516,Impulsive
1517,Stubborn
1517,Indifferent
1518,Distracted
1518,Slow
1518,Conventional
1519,Impatient
1519,Slow
1520,Chatty
1521,Stubborn
1522,Distracted
1522,Anxious
1522,Immature
1523,Overbearing
1523,Distracted
1524,Stubborn
1524,Overbearing
1525,Chatty
1526,Immature
1527,Introverted
1527,Overbearing
1528,Conventional
1528,Passive
1529,Undisciplined
1529,Intolerant
1530,Indifferent
1530,Undisciplined
1530,Controlling
1531,Distracted
1531,Overbearing
1532,Anxious
1532,Competitive
1533,Selfish
1533,Stubborn
1533,Passive
1534,Stubborn
1535,Chaotic
1535,Competitive
1535,Conventional
1536,Chaotic
1536,Competitive
1536,Conventional
1537,Indecisive
1538,Sensitive
1538,Perfectionist
1538,Intolerant
1539,Indifferent
1540,Procrastination
1541,Distracted
1541,Selfish
1541,Anxious
1542,Passive
1542,Chatty
1542,Chaotic
1543,Competitive
1543,Indifferent
1544,Overbearing
1544,Procrastination
1544,Competitive
1545,Anxious
1546,Undisciplined
1547,Intolerant
1547,Impulsive
1547,Selfish
1548,Chatty
1549,Competitive
1550,Impulsive
1550,Slow
1550,Passive
1551,Sensitive
1551,Indifferent
1551,Passive
1552,Controlling
1553,Competitive
1553,Impulsive
1554,Indecisive
1554,Perfectionist
1555,Slow
1555,Chatty
1556,Overbearing
1556,Immature
1557,Controlling
1557,Slow
1557,Impulsive
1558,Intolerant
1558,Indecisive
1558,Impatient
1559,Perfectionist
1559,Overbearing
1559,Sensitive
1560,Controlling
1560,Competitive
1560,Conventional
1561,Conventional
1561,Impatient
1562,Passive
1562,Selfish
1563,Passive
1564,Passive
1565,Introverted
1565,Distracted
1566,Indecisive
1567,Undisciplined
1567,Stubborn
1567,Impulsive
1568,Immature
1568,Chatty
1569,Anxious
1569,Sensitive
1570,Distracted
1570,Introverted
1570,Passive
1571,Intolerant
1572,Passive
1572,Slow
1572,Overbearing
1573,Procrastination
1573,Chatty
1574,Procrastination
1575,Passive
1576,Procrastination
1577,Competitive
1577,Sensitive
1578,Anxious
1579,Impulsive
1580,Chaotic
1581,Critical
1581,Introverted
1581,Passive
1582,Distracted
1582,Chaotic
1583,Impatient
1584,Indifferent
1584,Anxious
1585,Chatty
1585,Overbearing
1585,Controlling
1586,Conventional
1587,Passive
1588,Passive
1589,Immature
1589,Conventional
1589,Slow
1590,Indecisive
1590,Anxious
1591,Distracted
1591,Undisciplined
1592,Intolerant
1592,Selfish
1593,Distracted
1593,Perfectionist
1594,Overbearing
1595,Distracted
1595,Introverted
1595,Critical
1596,Critical
1596,Procrastination
1597,Controlling
1598,Conventional
1598,Slow
1599,Indecisive
1600,Undisciplined
1601,Undisciplined
1602,Indifferent
1602,Controlling
1602,Impatient
1603,Chaotic
1604,Chatty
1605,Slow
1606,Chatty
1607,Procrastination
1608,Critical
1608,Chaotic
1608,Introverted
1609,Perfectionist
1609,Indifferent
1610,Perfectionist
1610,Indifferent
1611,Indecisive
1611,Introverted
1612,Stubborn
1612,Competitive
1613,Impatient
1613,Overbearing
1613,Distracted
1614,Immature
1614,Impulsive
1614,Controlling
1615,Critical
1615,Conventional
1616,Anxious
1617,Impulsive
1617,Immature
1617,Critical
1618,Overbearing
1619,Impulsive
1619,Indecisive
1620,Chatty
1620,Conventional
1621,Distracted
1621,Selfish
1621,Intolerant
1622,Passive
1623,Critical
1624,Stubborn
1624,Anxious
1624,Conventional
1625,Perfectionist
1625,Impatient
1626,Slow
1626,Intolerant
1627,Passive
1627,Anxious
1627,Impatient
1628,Controlling
1628,Immature
1628,Selfish
1629,Intolerant
1630,Passive
1630,Critical
1631,Indifferent
1632,Indecisive
1632,Competitive
1632,Introverted
1633,Overbearing
1634,Slow
1634,Undisciplined
1634,Indecisive
1635,Controlling
1635,Anxious
1636,Perfectionist
1636,Intolerant
1636,Critical
1637,Slow
1638,Immature
1638,Indifferent
1639,Introverted
1639,Anxious
1639,Slow
1640,Impulsive
1641,Indifferent
1641,Passive
1642,Perfectionist
1642,Overbearing
1642,Immature
1643,Impatient
1644,Passive
1644,Sensitive
1644,Procrastination
1645,Indecisive
1645,Chatty
1645,Overbearing
1646,Stubborn
1646,Selfish
1646,Overbearing
1647,Impulsive
1647,Anxious
1647,Introverted
1648,Intolerant
1648,Immature
1648,Anxious
1649,Perfectionist
1649,Indifferent
1650,Immature
1650,Procrastination
1651,Distracted
1651,Chatty
1651,Overbearing
1652,Slow
1653,Anxious
1654,Distracted
1654,Undisciplined
1655,Sensitive
1656,Overbearing
1656,Anxious
1656,Immature
1657,Impatient
1658,Introverted
1658,Sensitive
1658,Passive
1659,Sensitive
1659,Indecisive
1660,Anxious
1660,Impulsive
1660,Sensitive
1661,Anxious
1662,Indifferent
1662,Introverted
1663,Introverted
1663,Overbearing
1663,Sensitive
1664,Introverted
1664,Anxious
1664,Passive
1665,Sensitive
1665,Impatient
1665,Distracted
1666,Chatty
1666,Competitive
1667,Conventional
1668,Anxious
1669,Competitive
1669,Indecisive
1670,Distracted
1670,Controlling
1671,Immature
1672,Chaotic
1673,Intolerant
1674,Undisciplined
1675,Distracted
1676,Intolerant
1676,Perfectionist
1676,Sensitive
1677,Selfish
1677,Distracted
1678,Procrastination
1679,Indifferent
1679,Anxious
1679,Slow
1680,Competitive
1681,Distracted
1681,Impatient
1681,Impulsive
1682,Overbearing
1682,Chaotic
1682,Slow
1683,Impatient
1683,Selfish
1684,Stubborn
1684,Overbearing
1684,Distracted
1685,Sensitive
1686,Undisciplined
1686,Selfish
1686,Sensitive
1687,Anxious
1687,Impatient
1687,Chaotic
1688,Sensitive
1688,Intolerant
1688,Undisciplined
1689,Undisciplined
1689,Competitive
1690,Indifferent
1690,Distracted
1691,Anxious
1691,Conventional
1692,Perfectionist
1692,Selfish
1693,Critical
1694,Controlling
1694,Perfectionist
1694,Anxious
1695,Critical
1695,Impulsive
1696,Conventional
1696,Competitive
1697,Overbearing
1697,Controlling
1698,Controlling
1698,Passive
1699,Impatient
1699,Intolerant
1699,Overbearing
1700,Critical
1701,Stubborn
1701,Slow
1701,Intolerant
1702,Conventional
1702,Slow
1703,Slow
1703,Indifferent
1703,Procrastination
1704,Chaotic
1704,Controlling
1705,Slow
1706,Critical
1706,Passive
1706,Indecisive
1707,Perfectionist
1708,Chatty
1708,Indecisive
1709,Chaotic
1709,Perfectionist
1709,Undisciplined
1710,Indifferent
1710,Impatient
1711,Selfish
1711,Chatty
1711,Chaotic
1712,Indifferent
1713,Critical
1713,Chatty
1714,Chatty
1714,Procrastination
1714,Stubborn
1715,Controlling
1716,Controlling
1717,Introverted
1717,Indifferent
1717,Impulsive
1718,Selfish
1719,Chatty
1719,Stubborn
1719,Impatient
1720,Stubborn
1720,Impulsive
1720,Critical
1721,Controlling
1721,Impulsive
1722,Anxious
1723,Distracted
1723,Chaotic
1724,Critical
1724,Chaotic
1725,Undisciplined
1726,Conventional
1727,Chatty
1727,Procrastination
1728,Impulsive
1729,Introverted
1729,Chaotic
1729,Perfectionist
1730,Controlling
1731,Immature
1731,Perfectionist
1732,Immature
1732,Critical
1732,Impatient
1733,Controlling
1733,Introverted
1733,Impulsive
1734,Intolerant
1735,Chatty
1736,Impatient
1736,Procrastination
1736,Immature
1737,Intolerant
1737,Introverted
1737,Impatient
1738,Passive
1738,Impulsive
1738,Sensitive
1739,Selfish
1739,Passive
1739,Immature
1740,Overbearing
1740,Selfish
1740,Passive
1741,Immature
1741,Intolerant
1741,Stubborn
1742,Competitive
1743,Competitive
1744,Chatty
1744,Indifferent
1744,Passive
1745,Overbearing
1746,Sensitive
1746,Controlling
1746,Chatty
1747,Controlling
1747,Impatient
1747,Critical
1748,Intolerant
1748,Impatient
1748,Passive
1749,Indecisive
1750,Distracted
1750,Competitive
1751,Procrastination
1751,Immature
1751,Perfectionist
1752,Distracted
1752,Controlling
1753,Chatty
1754,Passive
1754,Chatty
1754,Sensitive
1755,Sensitive
1755,Competitive
1756,Conventional
1756,Indecisive
1756,Competitive
1757,Impatient
1757,Overbearing
1757,Distracted
1758,Anxious
1758,Indifferent
1759,Indecisive
1759,Procrastination
1759,Chatty
1760,Chatty
1761,Impatient
1762,Anxious
1763,Impulsive
1764,Sensitive
1764,Slow
1765,Impulsive
1765,Controlling
1765,Chatty
1766,Anxious
1767,Indecisive
1768,Procrastination
1768,Slow
1768,Critical
1769,Passive
1770,Selfish
1770,Chaotic
1770,Critical
1771,Slow
1771,Distracted
1771,Undisciplined
1772,Stubborn
1773,Passive
1773,Intolerant
1774,Controlling
1774,Distracted
1775,Sensitive
1776,Distracted
1777,Chatty
1778,Controlling
1779,Sensitive
1779,Undisciplined
1779,Passive
1780,Sensitive
1781,Critical
1781,Perfectionist
1781,Undisciplined
1782,Competitive
1783,Chaotic
1784,Critical
1785,Immature
1785,Selfish
1786,Overbearing
1786,Anxious
1787,Critical
1787,Overbearing
1787,Undisciplined
1788,Chatty
1789,Indecisive
1790,Introverted
1791,Perfectionist
1791,Distracted
1791,Impatient
1792,Competitive
1792,Immature
1793,Impulsive
1793,Slow
1793,Distracted
1794,Passive
1794,Perfectionist
1794,Indifferent
1795,Introverted
1796,Intolerant
1796,Indifferent
1797,Impulsive
1797,Chatty
1798,Selfish
1799,Competitive
1799,Impatient
1800,Perfectionist
1801,Impulsive
1802,Indifferent
1802,Impulsive
1803,Controlling
1803,Indecisive
1803,Distracted
1804,Chatty
1805,Indecisive
1806,Indecisive
1807,Overbearing
1807,Indecisive
1808,Critical
1809,Chaotic
1809,Indifferent
1810,Anxious
1810,Controlling
1810,Indifferent
1811,Competitive
1811,Critical
1812,Sensitive
1812,Selfish
1812,Immature
1813,Selfish
1813,Stubborn
1814,Controlling
1814,Competitive
1815,Immature
1815,Procrastination
1816,Chatty
1817,Chatty
1817,Anxious
1817,Introverted
1818,Introverted
1818,Chaotic
1818,Undisciplined
1819,Competitive
1819,Selfish
1819,Sensitive
1820,Overbearing
1820,Sensitive
1821,Distracted
1821,Indifferent
1821,Controlling
1822,Indecisive
1822,Intolerant
1822,Introverted
1823,Introverted
1824,Passive
1825,Anxious
1825,Chaotic
1826,Controlling
1826,Chaotic
1827,Controlling
1827,Chaotic
1828,Competitive
1829,Undisciplined
1829,Passive
1829,Controlling
1830,Indecisive
1830,Intolerant
1831,Stubborn
1832,Sensitive
1832,Undisciplined
1833,Chatty
1833,Immature
1834,Impulsive
1834,Distracted
1835,Indecisive
1836,Passive
1836,Anxious
1837,Procrastination
1838,Impatient
1838,Procrastination
1838,Stubborn
1839,Impulsive
1839,Competitive
1840,Indecisive
1840,Overbearing
1841,Intolerant
1841,Chaotic
1841,Indifferent
1842,Perfectionist
1843,Introverted
1843,Chatty
1844,Stubborn
1844,Impulsive
1844,Anxious
1845,Chatty
1845,Impulsive
1845,Conventional
1846,Passive
1846,Perfectionist
1846,Anxious
1847,Chaotic
1848,Slow
1849,Intolerant
1850,Procrastination
1850,Immature
1851,Undisciplined
1851,Slow
1851,Anxious
1852,Impatient
1852,Introverted
1852,Passive
1853,Indifferent
1853,Chaotic
1853,Introverted
1854,Controlling
1854,Impatient
1855,Procrastination
1855,Conventional
1855,Impatient
1856,Chatty
1857,Impulsive
1857,Perfectionist
1858,Indecisive
1858,Undisciplined
1858,Stubborn
1859,Perfectionist
1860,Critical
1861,Impulsive
1861,Slow
1862,Undisciplined
1862,Impatient
1862,Controlling
1863,Intolerant
1863,Competitive
1864,Competitive
1865,Intolerant
1866,Chatty
1866,Perfectionist
1866,Sensitive
1867,Selfish
1867,Sensitive
1868,Sensitive
1868,Impulsive
1868,Anxious
1869,Controlling
1870,Sensitive
1871,Perfectionist
1871,Immature
1871,Sensitive
1872,Sensitive
1872,Chatty
1872,Perfectionist
1873,Anxious
1874,Indifferent
1875,Immature
1875,Slow
1876,Conventional
1876,Anxious
1876,Perfectionist
1877,Intolerant
1878,Chaotic
1878,Chatty
1878,Passive
1879,Overbearing
1880,Impatient
1881,Stubborn
1881,Impatient
1881,Controlling
1882,Impulsive
1882,Overbearing
1882,Perfectionist
1883,Distracted
1884,Stubborn
1884,Selfish
1884,Impulsive
1885,Introverted
1885,Chaotic
1885,Impulsive
1886,Impatient
1886,Chaotic
1887,Impatient
1887,Chaotic
1888,Chaotic
1889,Introverted
1890,Slow
1890,Impatient
1890,Sensitive
1891,Critical
1892,Anxious
1892,Slow
1892,Indifferent
1893,Immature
1893,Distracted
1894,Introverted
1895,Impulsive
1896,Competitive
1897,Controlling
1898,Overbearing
1899,Undisciplined
1899,Sensitive
1900,Competitive
1901,Selfish
1902,Competitive
1903,Immature
1903,Passive
1904,Introverted
1905,Undisciplined
1905,Distracted
1905,Competitive
1906,Indecisive
1906,Chatty
1907,Procrastination
1907,Competitive
1907,Anxious
1908,Introverted
1908,Controlling
1909,Critical
1909,Chatty
1910,Anxious
1911,Procrastination
1912,Immature
1912,Anxious
1912,Impulsive
1913,Distracted
1913,Controlling
1914,Competitive
1914,Selfish
1914,Conventional
1915,Anxious
1915,Indifferent
1916,Perfectionist
1917,Impulsive
1917,Conventional
1917,Competitive
1918,Perfectionist
1919,Passive
1920,Procrastination
1920,Anxious
1921,Passive
1921,Indecisive
1922,Conventional
1922,Impatient
1922,Intolerant
1923,Anxious
1923,Perfectionist
1923,Controlling
1924,Chatty
1925,Perfectionist
1925,Distracted
1925,Introverted
1926,Distracted
1926,Slow
1926,Controlling
1927,Slow
1928,Anxious
1928,Passive
1928,Slow
1929,Undisciplined
1929,Passive
1929,Intolerant
1930,Immature
1930,Passive
1931,Procrastination
1931,Impatient
1932,Slow
1933,Immature
1933,Indifferent
1933,Introverted
1934,Sensitive
1935,Conventional
1935,Slow
1935,Introverted
1936,Procrastination
1936,Immature
1936,Distracted
1937,Impulsive
1937,Competitive
1937,Passive
1938,Impatient
1939,Distracted
1940,Impulsive
1940,Procrastination
1940,Controlling
1941,Introverted
1941,Impatient
1941,Stubborn
1942,Intolerant
1943,Slow
1943,Procrastination
1943,Controlling
1944,Sensitive
1944,Conventional
1945,Chatty
1946,Overbearing
1947,Slow
1947,Overbearing
1948,Selfish
1948,Chatty
1949,Perfectionist
1949,Chaotic
1949,Controlling
1950,Slow
1950,Chaotic
1950,Stubborn
1951,Conventional
1952,Competitive
1952,Chaotic
1952,Immature
1953,Controlling
1954,Conventional
1954,Passive
1955,Slow
1955,Impatient
1955,Chaotic
1956,Impatient
1956,Immature
1956,Indecisive
1957,Sensitive
1958,Perfectionist
1958,Immature
1959,Distracted
1959,Chatty
1960,Introverted
1960,Distracted
1960,Undisciplined
1961,Indifferent
1962,Intolerant
1963,Controlling
1963,Indifferent
1964,Anxious
1964,Sensitive
1965,Perfectionist
1966,Anxious
1966,Slow
1967,Conventional
1968,Sensitive
1968,Immature
1968,Stubborn
1969,Controlling
1969,Immature
1970,Intolerant
1971,Undisciplined
1972,Sensitive
1972,Anxious
1973,Critical
1973,Stubborn
1974,Competitive
1974,Perfectionist
1975,Perfectionist
1975,Critical
1976,Impulsive
1977,Immature
1977,Controlling
1978,Indecisive
1978,Indifferent
1978,Chatty
1979,Introverted
1980,Chatty
1980,Competitive
1981,Anxious
1981,Indifferent
1981,Undisciplined
1982,Sensitive
1982,Anxious
1982,Chaotic
1983,Perfectionist
1983,Introverted
1983,Conventional
1984,Critical
1985,Controlling
1986,Passive
1986,Anxious
1986,Conventional
1987,Competitive
1988,Immature
1988,Critical
1989,Procrastination
1989,Impulsive
1990,Critical
1991,Passive
1992,Procrastination
1992,Critical
1992,Sensitive
1993,Perfectionist
1993,Impulsive
1994,Undisciplined
1995,Chaotic
1996,Controlling
1996,Stubborn
1997,Stubborn
1998,Perfectionist
1998,Distracted
1999,Undisciplined
1999,Chatty
2000,Indifferent
2000,Undisciplined
2001,Critical
2001,Passive
2001,Introverted
2002,Impulsive
2003,Perfectionist
2004,Competitive
2004,Stubborn
2005,Selfish
2006,Intolerant
2006,Distracted
2006,Critical
2007,Passive
2007,Undisciplined
2007,Competitive
2008,Intolerant
2008,Indifferent
2008,Competitive
2009,Indecisive
2010,Perfectionist
2011,Impatient
2011,Introverted
2012,Critical
2012,Controlling
2013,Perfectionist
2014,Sensitive
2014,Chatty
2014,Controlling
2015,Conventional
2016,Procrastination
2016,Indecisive
2017,Selfish
2017,Impulsive
2017,Conventional
2018,Impulsive
2019,Selfish
2019,Distracted
2019,Intolerant
2020,Overbearing
2021,Undisciplined
2021,Passive
2022,Selfish
2022,Impatient
2022,Passive
2023,Critical
2024,Intolerant
2024,Indifferent
2025,Overbearing
2025,Critical
2026,Selfish
2026,Stubborn
2026,Distracted
2027,Slow
2027,Distracted
2027,Conventional
2028,Indifferent
2028,Distracted
2028,Impulsive
2029,Impulsive
2029,Undisciplined
2030,Introverted
2030,Undisciplined
2030,Impulsive
2031,Indecisive
2031,Intolerant
2031,Overbearing
2032,Undisciplined
2032,Distracted
2033,Impulsive
2034,Stubborn
2034,Perfectionist
2035,Passive
2035,Chaotic
2036,Competitive
2036,Selfish
2036,Chatty
2037,Introverted
2037,Indifferent
2038,Intolerant
2038,Slow
2039,Slow
2039,Controlling
2040,Sensitive
2040,Perfectionist
2040,Passive
2041,Intolerant
2042,Controlling
2042,Indifferent
2043,Conventional
2043,Overbearing
2043,Immature
2044,Competitive
2044,Selfish
2045,Competitive
2046,Procrastination
2046,Distracted
2047,Chaotic
2047,Anxious
2048,Impatient
2049,Slow
2049,Perfectionist
2049,Chaotic
2050,Critical
2050,Controlling
2050,Impatient
2051,Conventional
2051,Undisciplined
2052,Introverted
2053,Impatient
2053,Competitive
2053,Immature
2054,Sensitive
2055,Controlling
2056,Competitive
2056,Selfish
2057,Conventional
2057,Chaotic
2057,Anxious
2058,Indecisive
2059,Conventional
2059,Indecisive
2060,Controlling
2061,Passive
2061,Slow
2061,Competitive
2062,Overbearing
2063,Indecisive
2064,Conventional
2064,Slow
2065,Conventional
2065,Selfish
2065,Competitive
2066,Introverted
2066,Impatient
2066,Critical
2067,Slow
2068,Introverted
2069,Procrastination
2069,Anxious
2070,Chaotic
2070,Indecisive
2070,Distracted
2071,Slow
2071,Sensitive
2071,Perfectionist
2072,Slow
2073,Critical
2073,Selfish
2074,Procrastination
2075,Anxious
2075,Impatient
2076,Anxious
2076,Impulsive
2077,Critical
2078,Overbearing
2078,Perfectionist
2078,Selfish
2079,Controlling
2080,Slow
2080,Stubborn
2080,Overbearing
2081,Distracted
2081,Controlling
2082,Anxious
2082,Intolerant
2082,Immature
2083,Stubborn
2083,Sensitive
2083,Immature
2084,Chaotic
2085,Impulsive
2086,Perfectionist
2087,Intolerant
2088,Intolerant
2088,Chaotic
2088,Indecisive
2089,Selfish
2090,Impulsive
2090,Anxious
2090,Selfish
2091,Distracted
2091,Sensitive
2091,Intolerant
2092,Chaotic
2093,Stubborn
2093,Chaotic
2093,Passive
2094,Indifferent
2095,Critical
2095,Chaotic
2095,Anxious
2096,Chatty
2096,Overbearing
2096,Impulsive
2097,Indecisive
2097,Intolerant
2098,Procrastination
2098,Slow
2099,Conventional
2100,Anxious
2100,Immature
2100,Stubborn
2101,Chatty
2101,Competitive
2101,Immature
2102,Indecisive
2103,Critical
2104,Impatient
2104,Procrastination
2104,Indifferent
2105,Chatty
2106,Perfectionist
2107,Immature
2108,Distracted
2109,Overbearing
2109,Anxious
2109,Impatient
2110,Undisciplined
2110,Distracted
2110,Chaotic
2111,Sensitive
2111,Procrastination
2111,Intolerant
2112,Selfish
2112,Controlling
2113,Chaotic
2113,Slow
2114,Procrastination
2114,Overbearing
2115,Impulsive
2116,Slow
2116,Immature
2117,Chatty
2117,Anxious
2117,Procrastination
2118,Sensitive
2118,Procrastination
2119,Introverted
2120,Stubborn
2121,Stubborn
2122,Selfish
2123,Stubborn
2124,Critical
2124,Stubborn
2125,Critical
2125,Selfish
2126,Sensitive
2127,Indifferent
2127,Introverted
2128,Undisciplined
2129,Chaotic
2130,Indecisive
2130,Stubborn
2131,Critical
2131,Indecisive
2132,Indecisive
2132,Overbearing
2133,Anxious
2133,Critical
2133,Perfectionist
2134,Selfish
2135,Undisciplined
2136,Chatty
2136,Indecisive
2136,Introverted
2137,Anxious
2138,Immature
2139,Anxious
2140,Undisciplined
2140,Slow
2141,Indecisive
2141,Conventional
2141,Impatient
2142,Stubborn
2143,Indecisive
2143,Perfectionist
2144,Procrastination
2145,Impulsive
2146,Passive
2146,Selfish
2146,Chatty
2147,Sensitive
2147,Impulsive
2147,Overbearing
2148,Competitive
2148,Controlling
2149,Undisciplined
2149,Immature
2150,Procrastination
2150,Distracted
2151,Sensitive
2151,Impatient
2152,Overbearing
2152,Chatty
2152,Stubborn
2153,Impatient
2153,Passive
2154,Slow
2155,Chatty
2155,Impatient
2156,Overbearing
2156,Impatient
2157,Indecisive
2158,Indecisive
2159,Critical
2159,Distracted
2160,Conventional
2161,Perfectionist
2161,Intolerant
2161,Indecisive
2162,Controlling
2162,Selfish
2163,Impatient
2163,Sensitive
2163,Critical
2164,Intolerant
2164,Indecisive
2164,Controlling
2165,Controlling
2166,Controlling
2166,Indifferent
2167,Chatty
2168,Overbearing
2168,Impulsive
2168,Perfectionist
2169,Stubborn
2170,Indecisive
2170,Critical
2171,Stubborn
2172,Impatient
2172,Passive
2172,Impulsive
2173,Slow
2173,Chatty
2174,Conventional
2175,Stubborn
2175,Introverted
2175,Sensitive
2176,Perfectionist
2177,Introverted
2177,Intolerant
2178,Sensitive
2178,Anxious
2178,Conventional
2179,Impatient
2179,Critical
2179,Procrastination
2180,Overbearing
2181,Overbearing
2181,Stubborn
2182,Competitive
2182,Immature
2182,Introverted
2183,Sensitive
2183,Distracted
2183,Indecisive
2184,Slow
2184,Conventional
2185,Stubborn
2185,Competitive
2186,Chaotic
2187,Distracted
2187,Competitive
2188,Chatty
2188,Competitive
2188,Impulsive
2189,Impulsive
2189,Indifferent
2190,Perfectionist
2190,Introverted
2190,Impatient
2191,Indecisive
2191,Distracted
2191,Slow
2192,Undisciplined
2192,Immature
2192,Intolerant
2193,Slow
2194,Introverted
2194,Impatient
2195,Chaotic
2195,Critical
2195,Sensitive
2196,Undisciplined
2196,Impatient
2196,Distracted
2197,Overbearing
2197,Procrastination
2198,Selfish
2198,Indecisive
2198,Chatty
2199,Selfish
2200,Overbearing
2200,Indifferent
2201,Competitive
2201,Chaotic
2201,Selfish
2202,Competitive
2202,Critical
2203,Chaotic
2204,Indecisive
2204,Impulsive
2205,Conventional
2205,Perfectionist
2205,Passive
2206,Selfish
2207,Indifferent
2208,Undisciplined
2208,Indecisive
2209,Indecisive
2209,Selfish
2210,Passive
2210,Stubborn
2210,Intolerant
2211,Competitive
2211,Chatty
2212,Chaotic
2213,Stubborn
2214,Intolerant
2214,Passive
2214,Perfectionist
2215,Stubborn
2215,Undisciplined
2215,Critical
2216,Impulsive
2216,Introverted
2216,Slow
2217,Conventional
2217,Impulsive
2218,Sensitive
2219,Competitive
2219,Impulsive
2219,Overbearing
2220,Undisciplined
2220,Stubborn
2220,Indecisive
2221,Impatient
2222,Impulsive
2223,Undisciplined
2224,Selfish
2225,Introverted
2225,Chatty
2225,Undisciplined
2226,Immature
2226,Passive
2227,Overbearing
2227,Intolerant
2228,Selfish
2228,Perfectionist
2228,Introverted
2229,Selfish
2229,Passive
2229,Slow
2230,Indifferent
2230,Sensitive
2231,Indecisive
2231,Slow
2232,Controlling
2232,Overbearing
2233,Critical
2234,Procrastination
2234,Competitive
2234,Chatty
2235,Competitive
2236,Impatient
2236,Anxious
2236,Indecisive
2237,Selfish
2237,Critical
2237,Anxious
2238,Selfish
2239,Chatty
2239,Indecisive
2240,Intolerant
2241,Introverted
2242,Introverted
2243,Sensitive
2243,Controlling
2244,Selfish
2245,Competitive
2245,Intolerant
2246,Slow
2246,Perfectionist
2246,Selfish
2247,Selfish
2247,Perfectionist
2248,Immature
2248,Perfectionist
2248,Controlling
2249,Chatty
2249,Immature
2249,Perfectionist
2250,Critical
2250,Competitive
2250,Impulsive
2251,Selfish
2251,Conventional
2252,Immature
2252,Sensitive
2253,Indifferent
2253,Chaotic
2253,Competitive
2254,Selfish
2254,Competitive
2255,Chatty
2255,Conventional
2255,Distracted
2256,Chatty
2256,Conventional
2256,Distracted
2257,Slow
2258,Indifferent
2259,Conventional
2259,Competitive
2260,Selfish
2260,Critical
2261,Selfish
2262,Intolerant
2262,Slow
2263,Indifferent
2263,Sensitive
2264,Critical
2264,Procrastination
2264,Chatty
2265,Chatty
2265,Slow
2265,Controlling
2266,Impatient
2266,Overbearing
2267,Undisciplined
2268,Chatty
2268,Passive
2268,Introverted
2269,Immature
2269,Critical
2269,Impatient
2270,Competitive
2270,Stubborn
2271,Perfectionist
2272,Indifferent
2272,Intolerant
2273,Distracted
2273,Impulsive
2274,Slow
2274,Competitive
2275,Controlling
2275,Indifferent
2275,Undisciplined
2276,Critical
2276,Overbearing
2276,Slow
2277,Undisciplined
2277,Slow
2278,Passive
2278,Introverted
2278,Stubborn
2279,Introverted
2279,Immature
2279,Indecisive
2280,Indecisive
2281,Slow
2282,Immature
2283,Impulsive
2283,Perfectionist
2284,Anxious
2284,Passive
2285,Controlling
2286,Competitive
2286,Sensitive
2287,Chatty
2287,Indecisive
2287,Immature
2288,Procrastination
2289,Anxious
2289,Impatient
2289,Overbearing
2290,Procrastination
2290,Indecisive
2290,Slow
2291,Impulsive
2291,Stubborn
2291,Intolerant
2292,Impatient
2292,Procrastination
2292,Chatty
2293,Controlling
2293,Passive
2294,Anxious
2295,Indifferent
2295,Passive
2296,Slow
2296,Critical
2296,Indecisive
2297,Controlling
2297,Impulsive
2298,Impulsive
2298,Indifferent
2299,Anxious
2300,Anxious
2300,Indecisive
2300,Distracted
2301,Overbearing
2301,Indifferent
2302,Perfectionist
2302,Sensitive
2302,Introverted
2303,Distracted
2303,Impulsive
2303,Competitive
2304,Passive
2305,Conventional
2305,Anxious
2305,Chaotic
2306,Stubborn
2306,Indifferent
2307,Controlling
2307,Slow
2307,Critical
2308,Controlling
2309,Anxious
2309,Slow
2309,Chatty
2310,Stubborn
2310,Distracted
2311,Chaotic
2311,Anxious
2311,Impatient
2312,Undisciplined
2312,Critical
2312,Anxious
2313,Impatient
2313,Indifferent
2313,Controlling
2314,Intolerant
2314,Stubborn
2315,Impatient
2316,Passive
2316,Chaotic
2316,Impulsive
2317,Chaotic
2317,Impatient
2318,Overbearing
2318,Impatient
2318,Undisciplined
2319,Chaotic
2319,Selfish
2319,Intolerant
2320,Slow
2320,Chaotic
2321,Impulsive
2321,Anxious
2321,Critical
2322,Overbearing
2322,Anxious
2323,Impatient
2323,Perfectionist
2323,Anxious
2324,Introverted
2324,Perfectionist
2324,Critical
2325,Undisciplined
2325,Passive
2325,Selfish
2326,Distracted
2327,Perfectionist
2327,Passive
2328,Overbearing
2328,Undisciplined
2328,Impulsive
2329,Overbearing
2330,Anxious
2331,Impulsive
2332,Overbearing
2333,Competitive
2333,Anxious
2333,Controlling
2334,Impatient
2335,Stubborn
2335,Overbearing
2336,Distracted
2336,Selfish
2337,Controlling
2337,Overbearing
2338,Competitive
2338,Indecisive
2338,Selfish
2339,Perfectionist
2339,Competitive
2339,Stubborn
2340,Intolerant
2340,Conventional
2341,Indecisive
2342,Slow
2342,Indifferent
2342,Passive
2343,Perfectionist
2343,Slow
2344,Controlling
2344,Stubborn
2345,Controlling
2345,Stubborn
2346,Indecisive
2346,Procrastination
2346,Sensitive
2347,Passive
2347,Competitive
2348,Immature
2348,Chatty
2348,Undisciplined
2349,Slow
2349,Overbearing
2350,Indifferent
2350,Perfectionist
2350,Intolerant
2351,Sensitive
2351,Intolerant
2351,Impatient
2352,Controlling
2353,Sensitive
2353,Procrastination
2353,Impulsive
2354,Critical
2355,Passive
2355,Distracted
2355,Procrastination
2356,Impulsive
2356,Undisciplined
2357,Procrastination
2358,Intolerant
2358,Chaotic
2358,Perfectionist
2359,Perfectionist
2359,Intolerant
2359,Competitive
2360,Overbearing
2360,Sensitive
2360,Perfectionist
2361,Passive
2361,Chaotic
2361,Selfish
2362,Introverted
2362,Procrastination
2363,Selfish
2363,Distracted
2364,Distracted
2365,Overbearing
2365,Competitive
2366,Anxious
2366,Indecisive
2366,Conventional
2367,Chatty
2367,Conventional
2368,Conventional
2368,Intolerant
2369,Sensitive
2369,Slow
2370,Introverted
2371,Selfish
2372,Passive
2372,Competitive
2372,Undisciplined
2373,Passive
2373,Perfectionist
2374,Passive
2374,Impulsive
2375,Controlling
2376,Overbearing
2376,Selfish
2376,Conventional
2377,Undisciplined
2377,Indifferent
2378,Chatty
2378,Chaotic
2379,Indifferent
2379,Controlling
2379,Anxious
2380,Intolerant
2380,Conventional
2381,Impatient
2381,Overbearing
2381,Indifferent
2382,Perfectionist
2383,Immature
2383,Distracted
2384,Overbearing
2384,Conventional
2385,Competitive
2386,Critical
2386,Anxious
2386,Distracted
2387,Stubborn
2387,Impatient
2387,Critical
2388,Procrastination
2388,Anxious
2388,Impatient
2389,Indifferent
2389,Slow
2389,Introverted
2390,Chatty
2391,Immature
2391,Controlling
2392,Impatient
2392,Overbearing
2393,Controlling
2393,Distracted
2394,Sensitive
2394,Stubborn
2395,Distracted
2395,Anxious
2396,Intolerant
2397,Intolerant
2398,Intolerant
2399,Critical
2400,Selfish
2400,Impatient
2400,Passive
2401,Anxious
2401,Chaotic
2401,Controlling
2402,Anxious
2402,Critical
2402,Procrastination
2403,Critical
2403,Competitive
2404,Stubborn
2405,Critical
2405,Immature
2406,Selfish
2406,Introverted
2406,Undisciplined
2407,Indifferent
2407,Chaotic
2408,Slow
2408,Undisciplined
2409,Chatty
2409,Introverted
2410,Procrastination
2411,Anxious
2411,Conventional
2411,Perfectionist
2412,Selfish
2412,Chaotic
2413,Chatty
2413,Intolerant
2413,Critical
2414,Indecisive
2414,Slow
2414,Passive
2415,Anxious
2415,Controlling
2415,Passive
2416,Selfish
2416,Impulsive
2417,Distracted
2417,Overbearing
2418,Chatty
2418,Conventional
2419,Chatty
2419,Chaotic
2420,Sensitive
2420,Anxious
2421,Indifferent
2421,Undisciplined
2422,Perfectionist
2423,Immature
2423,Indifferent
2424,Passive
2424,Indifferent
2425,Critical
2425,Undisciplined
2425,Immature
2426,Chaotic
2426,Stubborn
2426,Selfish
2427,Indecisive
2428,Procrastination
2428,Slow
2429,Critical
2430,Stubborn
2430,Anxious
2430,Overbearing
2431,Immature
2432,Impatient
2433,Controlling
2433,Perfectionist
2434,Immature
2434,Impulsive
2434,Indecisive
2435,Impatient
2435,Undisciplined
2435,Intolerant
2436,Distracted
2436,Critical
2436,Overbearing
2437,Impatient
2438,Critical
2438,Chatty
2438,Conventional
2439,Selfish
2440,Indecisive
2440,Chatty
2441,Sensitive
2441,Selfish
2441,Intolerant
2442,Perfectionist
2442,Indifferent
2443,Indifferent
2444,Undisciplined
2444,Overbearing
2444,Sensitive
2445,Intolerant
2446,Intolerant
2447,Anxious
2447,Controlling
2447,Conventional
2448,Perfectionist
2448,Stubborn
2448,Critical
2449,Impatient
2450,Overbearing
2450,Passive
2450,Procrastination
2451,Competitive
2451,Impulsive
2451,Chatty
2452,Overbearing
2452,Controlling
2452,Chaotic
2453,Immature
2454,Chaotic
2454,Critical
2455,Procrastination
2456,Conventional
2457,Critical
2457,Passive
2457,Anxious
2458,Slow
2459,Overbearing
2460,Slow
2460,Impatient
2461,Overbearing
2461,Indifferent
2461,Slow
2462,Chatty
2462,Impulsive
2462,Indecisive
2463,Intolerant
2464,Passive
2464,Impulsive
2464,Chaotic
2465,Selfish
2465,Procrastination
2466,Perfectionist
2466,Selfish
2466,Undisciplined
2467,Overbearing
2467,Undisciplined
2468,Sensitive
2469,Controlling
2469,Anxious
2470,Impulsive
2470,Competitive
2470,Conventional
2471,Immature
2471,Perfectionist
2472,Stubborn
2472,Indifferent
2473,Conventional
2473,Distracted
2474,Competitive
2475,Anxious
2475,Competitive
2476,Introverted
2476,Critical
2476,Chatty
2477,Controlling
2477,Indifferent
2478,Immature
2478,Controlling
2479,Passive
2479,Chatty
2480,Sensitive
2480,Controlling
2481,Undisciplined
2482,Impatient
2482,Distracted
2483,Indifferent
2484,Chaotic
2484,Controlling
2485,Controlling
2486,Immature
2486,Introverted
2486,Chaotic
2487,Overbearing
2487,Introverted
2488,Indecisive
2488,Stubborn
2488,Anxious
2489,Selfish
2489,Sensitive
2490,Chaotic
2490,Passive
2491,Chatty
2492,Chatty
2493,Conventional
2494,Passive
2494,Selfish
2494,Perfectionist
2495,Stubborn
2495,Introverted
2496,Chatty
2497,Introverted
2497,Anxious
2498,Competitive
2498,Impatient
2499,Indecisive
2500,Undisciplined
2501,Stubborn
2501,Indifferent
2501,Perfectionist
2502,Chaotic
2502,Indifferent
2502,Intolerant
2503,Immature
2503,Selfish
2503,Chatty
2504,Slow
2504,Impulsive
2504,Indifferent
2505,Impatient
2506,Immature
2506,Sensitive
2506,Distracted
2507,Intolerant
2508,Indecisive
2508,Competitive
2509,Procrastination
2509,Anxious
2510,Indifferent
2510,Impatient
2510,Sensitive
2511,Overbearing
2512,Introverted
2513,Stubborn
2513,Indifferent
2514,Conventional
2514,Chaotic
2515,Impulsive
2515,Critical
2515,Chatty
2516,Anxious
2517,Chaotic
2517,Competitive
2518,Procrastination
2518,Immature
2518,Controlling
2519,Selfish
2519,Distracted
2520,Chaotic
2520,Passive
2521,Perfectionist
2521,Impatient
2522,Slow
2523,Distracted
2523,Impatient
2524,Intolerant
2524,Sensitive
2524,Conventional
2525,Chatty
2525,Slow
2525,Anxious
2526,Chatty
2527,Stubborn
2527,Conventional
2528,Controlling
2528,Indifferent
2529,Slow
2530,Conventional
2530,Distracted
2530,Stubborn
2531,Critical
2532,Stubborn
2532,Chatty
2533,Immature
2534,Chaotic
2535,Sensitive
2535,Indecisive
2535,Chatty
2536,Anxious
2536,Perfectionist
2537,Chaotic
2537,Intolerant
2538,Chaotic
2538,Conventional
2538,Sensitive
2539,Undisciplined
2540,Sensitive
2541,Impulsive
2541,Perfectionist
2541,Indecisive
2542,Selfish
2542,Procrastination
2542,Sensitive
2543,Undisciplined
2543,Introverted
2544,Intolerant
2544,Controlling
2545,Procrastination
2546,Impulsive
2546,Slow
2546,Controlling
2547,Anxious
2548,Slow
2548,Selfish
2548,Passive
2549,Distracted
2549,Conventional
2550,Impulsive
2550,Overbearing
2551,Distracted
2552,Selfish
2552,Indifferent
2552,Critical
2553,Indifferent
2554,Competitive
2554,Impatient
2554,Indifferent
2555,Undisciplined
2555,Anxious
2556,Perfectionist
2556,Overbearing
2556,Impulsive
2557,Intolerant
2557,Critical
2557,Perfectionist
2558,Stubborn
2558,Distracted
2558,Chaotic
2559,Procrastination
2560,Critical
2560,Impatient
2560,Passive
2561,Chatty
2561,Selfish
2561,Slow
2562,Chaotic
2562,Chatty
2563,Anxious
2563,Indecisive
2563,Overbearing
2564,Stubborn
2564,Passive
2564,Distracted
2565,Procrastination
2565,Passive
2566,Procrastination
2566,Passive
2567,Conventional
2567,Chaotic
2567,Indecisive
2568,Passive
2568,Impulsive
2569,Immature
2569,Stubborn
2569,Perfectionist
2570,Indifferent
2570,Anxious
2571,Introverted
2571,Overbearing
2571,Impatient
2572,Introverted
2573,Selfish
2574,Conventional
2574,Chaotic
2575,Intolerant
2576,Critical
2576,Impulsive
2576,Indecisive
2577,Overbearing
2578,Competitive
2578,Stubborn
2578,Anxious
2579,Undisciplined
2580,Introverted
2581,Chaotic
2581,Procrastination
2582,Intolerant
2582,Undisciplined
2583,Impatient
2583,Overbearing
2583,Perfectionist
2584,Conventional
2585,Procrastination
2585,Anxious
2586,Indifferent
2587,Anxious
2588,Impulsive
2588,Chaotic
2588,Indecisive
2589,Distracted
2589,Conventional
2590,Selfish
2591,Chatty
2591,Critical
2592,Sensitive
2593,Conventional
2594,Distracted
2594,Stubborn
2594,Perfectionist
2595,Competitive
2595,Controlling
2595,Indifferent
2596,Competitive
2596,Procrastination
2597,Competitive
2597,Introverted
2597,Procrastination
2598,Undisciplined
2599,Intolerant
2599,Introverted
2600,Indecisive
2600,Slow
2600,Critical
2601,Intolerant
2601,Distracted
2601,Conventional
2602,Conventional
2602,Immature
2603,Indecisive
2603,Chatty
2603,Sensitive
2604,Indifferent
2604,Overbearing
2604,Selfish
2605,Indecisive
2606,Immature
2606,Anxious
2607,Chaotic
2607,Anxious
2608,Indifferent
2609,Immature
2609,Chatty
2610,Indifferent
2611,Distracted
2611,Anxious
2611,Chaotic
2612,Overbearing
2612,Chatty
2613,Chaotic
2613,Impatient
2613,Indifferent
2614,Passive
2614,Undisciplined
2615,Competitive
2616,Perfectionist
2617,Chaotic
2617,Competitive
2617,Slow
2618,Passive
2619,Chatty
2619,Controlling
2620,Distracted
2620,Introverted
2620,Critical
2621,Impatient
2621,Stubborn
2622,Intolerant
2623,Indecisive
2624,Indifferent
2624,Indecisive
2624,Distracted
2625,Critical
2626,Procrastination
2627,Introverted
2627,Impatient
2627,Distracted
2628,Chaotic
2629,Slow
2630,Procrastination
2631,Chaotic
2631,Controlling
2631,Perfectionist
2632,Impulsive
2632,Perfectionist
2633,Procrastination
2634,Slow
2634,Indecisive
2635,Undisciplined
2635,Critical
2636,Overbearing
2637,Controlling
2637,Procrastination
2638,Selfish
2638,Competitive
2639,Critical
2640,Procrastination
2641,Intolerant
2641,Chaotic
2641,Distracted
2642,Perfectionist
2643,Chatty
2643,Immature
2643,Undisciplined
2644,Passive
2644,Procrastination
2645,Impulsive
2645,Undisciplined
2646,Intolerant
2647,Competitive
2647,Controlling
2648,Stubborn
2649,Overbearing
2649,Critical
2649,Intolerant
2650,Distracted
2650,Slow
2650,Procrastination
2651,Slow
2652,Intolerant
2653,Intolerant
2653,Passive
2653,Impatient
2654,Passive
2655,Selfish
2655,Impatient
2656,Impulsive
2656,Slow
2657,Stubborn
2657,Intolerant
2657,Slow
2658,Impatient
2658,Selfish
2658,Indecisive
2659,Competitive
2659,Sensitive
2660,Impulsive
2661,Chaotic
2662,Immature
2663,Immature
2663,Impatient
2664,Passive
2664,Stubborn
2665,Impulsive
2665,Procrastination
2666,Stubborn
2666,Passive
2666,Immature
2667,Indifferent
2667,Controlling
2667,Critical
2668,Conventional
2669,Chaotic
2670,Chatty
2671,Stubborn
2671,Overbearing
2671,Chatty
2672,Conventional
2672,Impatient
2672,Perfectionist
2673,Conventional
2674,Impulsive
2674,Competitive
2674,Indifferent
2675,Critical
2676,Overbearing
2676,Distracted
2676,Indifferent
2677,Immature
2677,Indecisive
2677,Introverted
2678,Passive
2679,Distracted
2679,Indecisive
2680,Perfectionist
2680,Selfish
2680,Chaotic
2681,Undisciplined
2681,Conventional
2682,Controlling
2682,Anxious
2682,Chatty
2683,Controlling
2684,Conventional
2684,Introverted
2684,Impulsive
2685,Indifferent
2685,Impulsive
2685,Chatty
2686,Anxious
2686,Impatient
2686,Introverted
2687,Competitive
2688,Sensitive
2688,Critical
2688,Chaotic
2689,Intolerant
2689,Selfish
2689,Impatient
2690,Slow
2691,Intolerant
2691,Impulsive
2692,Competitive
2692,Conventional
2693,Passive
2693,Chaotic
2694,Controlling
2694,Competitive
2695,Controlling
2695,Overbearing
2695,Conventional
2696,Controlling
2697,Stubborn
2698,Impulsive
2698,Selfish
2698,Impatient
2699,Overbearing
2699,Chaotic
2700,Introverted
2701,Chatty
2702,Indecisive
2702,Selfish
2702,Chatty
2703,Slow
2703,Undisciplined
2703,Immature
2704,Competitive
2704,Perfectionist
2704,Conventional
2705,Undisciplined
2705,Slow
2706,Slow
2707,Overbearing
2707,Indifferent
2708,Indifferent
2709,Conventional
2709,Controlling
2709,Indifferent
2710,Controlling
2710,Passive
2711,Controlling
2711,Selfish
2712,Conventional
2712,Distracted
2713,Stubborn
2713,Intolerant
2714,Impatient
2714,Perfectionist
2715,Overbearing
2716,Stubborn
2716,Indecisive
2716,Undisciplined
2717,Passive
2717,Indecisive
2718,Intolerant
2718,Critical
2719,Conventional
2720,Passive
2720,Indifferent
2720,Selfish
2721,Intolerant
2721,Perfectionist
2721,Controlling
2722,Overbearing
2723,Indifferent
2724,Introverted
2724,Critical
2725,Impulsive
2725,Competitive
2726,Indecisive
2727,Passive
2727,Critical
2728,Immature
2728,Stubborn
2728,Perfectionist
2729,Chaotic
2729,Sensitive
2730,Slow
2731,Undisciplined
2732,Indifferent
2732,Slow
2733,Perfectionist
2733,Overbearing
2733,Anxious
2734,Indifferent
2734,Passive
2734,Competitive
2735,Intolerant
2735,Impulsive
2735,Controlling
2736,Intolerant
2737,Critical
2737,Competitive
2738,Anxious
2738,Controlling
2739,Anxious
2739,Controlling
2740,Chaotic
2740,Overbearing
2741,Anxious
2742,Immature
2742,Critical
2743,Selfish
2743,Critical
2743,Impatient
2744,Indecisive
2744,Impulsive
2744,Perfectionist
2745,Stubborn
2745,Immature
2746,Impulsive
2746,Intolerant
2746,Sensitive
2747,Undisciplined
2748,Impatient
2748,Conventional
2748,Immature
2749,Selfish
2749,Overbearing
2749,Undisciplined
2750,Perfectionist
2750,Critical
2750,Undisciplined
2751,Chaotic
2751,Stubborn
2751,Impulsive
2752,Intolerant
2753,Competitive
2753,Stubborn
2753,Immature
2754,Impatient
2754,Slow
2754,Procrastination
2755,Slow
2756,Controlling
2756,Competitive
2757,Controlling
2758,Competitive
2758,Sensitive
2759,Introverted
2759,Conventional
2759,Passive
2760,Critical
2760,Procrastination
2761,Procrastination
2761,Impatient
2762,Impulsive
2762,Passive
2763,Conventional
2763,Indifferent
2764,Undisciplined
2764,Impatient
2765,Distracted
2766,Distracted
2767,Indecisive
2767,Procrastination
2767,Chatty
2768,Distracted
2769,Selfish
2769,Critical
2770,Impulsive
2771,Passive
2772,Sensitive
2773,Conventional
2773,Critical
2773,Indecisive
2774,Indecisive
2774,Anxious
2774,Procrastination
2775,Perfectionist
2776,Impatient
2776,Controlling
2777,Conventional
2777,Indecisive
2778,Controlling
2778,Conventional
2779,Critical
2779,Slow
2780,Immature
2780,Impulsive
2781,Distracted
2782,Impatient
2783,Overbearing
2783,Introverted
2783,Undisciplined
2784,Indecisive
2785,Passive
2785,Impulsive
2786,Controlling
2786,Stubborn
2786,Chatty
2787,Indecisive
2787,Distracted
2787,Sensitive
2788,Intolerant
2788,Critical
2788,Procrastination
2789,Conventional
2790,Selfish
2791,Immature
2791,Indifferent
2792,Impatient
2793,Competitive
2793,Critical
2793,Controlling
2794,Chaotic
2794,Undisciplined
2795,Distracted
2795,Anxious
2796,Undisciplined
2796,Passive
2796,Distracted
2797,Passive
2797,Selfish
2798,Indifferent
2798,Chatty
2798,Critical
2799,Chaotic
2800,Slow
2800,Conventional
2800,Passive
2801,Impatient
2801,Undisciplined
2802,Indifferent
2803,Stubborn
2803,Impatient
2803,Perfectionist
2804,Anxious
2804,Conventional
2805,Impulsive
2805,Distracted
2805,Stubborn
2806,Indifferent
2806,Overbearing
2807,Procrastination
2807,Impulsive
2808,Anxious
2808,Impulsive
2809,Stubborn
2809,Impulsive
2810,Overbearing
2811,Distracted
2812,Intolerant
2812,Impulsive
2812,Passive
2813,Anxious
2814,Anxious
2815,Impulsive
2815,Procrastination
2815,Immature
2816,Procrastination
2816,Conventional
2816,Intolerant
2817,Distracted
2817,Critical
2818,Anxious
2818,Slow
2818,Conventional
2819,Impatient
2819,Sensitive
2820,Indecisive
2820,Slow
2821,Procrastination
2821,Perfectionist
2822,Selfish
2822,Sensitive
2823,Stubborn
2823,Overbearing
2824,Overbearing
2824,Procrastination
2825,Intolerant
2825,Perfectionist
2826,Impulsive
2826,Competitive
2827,Chaotic
2828,Impulsive
2829,Procrastination
2830,Chatty
2831,Competitive
2831,Stubborn
2831,Overbearing
2832,Overbearing
2833,Indecisive
2834,Impulsive
2835,Selfish
2835,Controlling
2835,Passive
2836,Undisciplined
2836,Sensitive
2836,Immature
2837,Selfish
2838,Distracted
2839,Competitive
2839,Undisciplined
2840,Chatty
2840,Stubborn
2841,Impulsive
2841,Chaotic
2842,Indecisive
2842,Anxious
2843,Anxious
2843,Indifferent
2844,Competitive
2844,Passive
2845,Perfectionist
2845,Anxious
2845,Passive
2846,Chaotic
2847,Indecisive
2847,Introverted
2848,Passive
2848,Selfish
2848,Chaotic
2849,Critical
2849,Introverted
2849,Immature
2850,Undisciplined
2851,Stubborn
2851,Passive
2852,Conventional
2852,Undisciplined
2853,Overbearing
2853,Introverted
2854,Sensitive
2854,Indecisive
2855,Introverted
2855,Impatient
2856,Anxious
2856,Competitive
2857,Conventional
2857,Passive
2857,Chatty
2858,Impulsive
2858,Distracted
2859,Undisciplined
2859,Passive
2860,Immature
2860,Stubborn
2861,Chaotic
2861,Perfectionist
2861,Procrastination
2862,Indifferent
2862,Chaotic
2862,Introverted
2863,Perfectionist
2863,Immature
2864,Passive
2865,Chaotic
2865,Indecisive
2865,Overbearing
2866,Impulsive
2867,Indecisive
2868,Slow
2868,Procrastination
2869,Anxious
2870,Critical
2870,Selfish
2870,Impulsive
2871,Critical
2871,Conventional
2871,Chatty
2872,Controlling
2872,Indifferent
2873,Impatient
2873,Distracted
2873,Critical
2874,Stubborn
2875,Impatient
2876,Chatty
2876,Overbearing
2876,Sensitive
2877,Overbearing
2877,Impatient
2878,Critical
2878,Competitive
2878,Sensitive
2879,Immature
2879,Sensitive
2879,Undisciplined
2880,Overbearing
2880,Sensitive
2881,Selfish
2882,Impatient
2882,Indifferent
2882,Controlling
2883,Stubborn
2883,Undisciplined
2884,Immature
2884,Chatty
2884,Indifferent
2885,Critical
2886,Competitive
2886,Procrastination
2887,Distracted
2887,Overbearing
2887,Perfectionist
2888,Overbearing
2888,Indecisive
2889,Chatty
2890,Impulsive
2891,Undisciplined
2891,Indecisive
2891,Anxious
2892,Passive
2892,Chatty
2892,Indifferent
2893,Selfish
2893,Intolerant
2894,Intolerant
2894,Competitive
2895,Introverted
2895,Sensitive
2896,Chatty
2896,Passive
2897,Slow
2897,Chatty
2898,Stubborn
2898,Intolerant
2899,Controlling
2899,Slow
2899,Conventional
2900,Anxious
2901,Sensitive
2901,Distracted
2902,Passive
2902,Immature
2902,Slow
2903,Overbearing
2903,Indecisive
2903,Chaotic
2904,Distracted
2904,Introverted
2904,Slow
2905,Selfish
2905,Slow
2906,Immature
2906,Indecisive
2907,Selfish
2908,Indecisive
2908,Passive
2909,Impulsive
2910,Chaotic
2910,Intolerant
2911,Controlling
2911,Perfectionist
2911,Overbearing
2912,Slow
2912,Controlling
2913,Perfectionist
2913,Sensitive
2913,Undisciplined
2914,Slow
2915,Chaotic
2915,Impulsive
2916,Introverted
2916,Chaotic
2916,Slow
2917,Undisciplined
2918,Sensitive
2918,Procrastination
2918,Slow
2919,Critical
2919,Sensitive
2920,Intolerant
2920,Slow
2921,Impulsive
2921,Distracted
2922,Conventional
2922,Controlling
2923,Controlling
2924,Sensitive
2924,Immature
2924,Intolerant
2925,Indifferent
2925,Chatty
2926,Stubborn
2927,Impulsive
2927,Indecisive
2928,Competitive
2928,Indifferent
2928,Impatient
2929,Critical
2929,Introverted
2929,Overbearing
2930,Introverted
2931,Sensitive
2931,Perfectionist
2931,Distracted
2932,Conventional
2932,Critical
2932,Anxious
2933,Immature
2933,Passive
2933,Impulsive
2934,Immature
2935,Indecisive
2935,Chaotic
2936,Immature
2937,Introverted
2937,Anxious
2938,Controlling
2939,Intolerant
2939,Conventional
2939,Chaotic
2940,Introverted
2940,Controlling
2940,Impatient
2941,Conventional
2941,Procrastination
2941,Impulsive
2942,Intolerant
2943,Immature
2943,Selfish
2944,Conventional
2944,Selfish
2945,Intolerant
2945,Competitive
2945,Impatient
2946,Impatient
2946,Distracted
2947,Indecisive
2947,Impulsive
2947,Introverted
2948,Immature
2948,Stubborn
2949,Competitive
2950,Distracted
2950,Sensitive
2950,Impatient
2951,Indifferent
2951,Controlling
2952,Introverted
2952,Overbearing
2953,Distracted
2953,Anxious
2953,Controlling
2954,Procrastination
2954,Chatty
2954,Competitive
2955,Introverted
2956,Slow
2956,Controlling
2957,Passive
2957,Conventional
2957,Indifferent
2958,Passive
2958,Distracted
2959,Indecisive
2959,Critical
2960,Indifferent
2960,Competitive
2960,Controlling
2961,Indifferent
2962,Overbearing
2963,Selfish
2963,Overbearing
2964,Distracted
2964,Conventional
2965,Controlling
2965,Indecisive
2965,Selfish
2966,Overbearing
2966,Selfish
2967,Overbearing
2968,Sensitive
2969,Impulsive
2970,Impulsive
2970,Slow
2971,Passive
2971,Chatty
2971,Competitive
2972,Passive
2972,Chatty
2972,Competitive
2973,Anxious
2973,Procrastination
2973,Sensitive
2974,Competitive
2974,Sensitive
2974,Critical
2975,Impatient
2975,Perfectionist
2976,Undisciplined
2976,Chatty
2976,Slow
2977,Selfish
2978,Indifferent
2978,Conventional
2979,Overbearing
2979,Immature
2980,Undisciplined
2980,Overbearing
2981,Impatient
2981,Controlling
2982,Selfish
2982,Controlling
2983,Selfish
2984,Immature
2984,Introverted
2984,Impatient
2985,Overbearing
2986,Indifferent
2987,Selfish
2987,Indifferent
2987,Stubborn
2988,Introverted
2988,Slow
2989,Stubborn
2990,Impatient
2990,Anxious
2991,Chatty
2992,Slow
2992,Perfectionist
2993,Passive
2993,Anxious
2994,Impulsive
2994,Intolerant
2995,Chatty
2996,Undisciplined
2996,Slow
2997,Indecisive
2997,Selfish
2997,Anxious
2998,Stubborn
2998,Undisciplined
2999,Indecisive
3000,Chatty
3000,Passive
3001,Anxious
3001,Introverted
3002,Critical
3002,Impulsive
3003,Indifferent
3003,Indecisive
3004,Indecisive
3004,Chatty
3004,Sensitive
3005,Undisciplined
3006,Critical
3007,Procrastination
3007,Intolerant
3008,Perfectionist
3008,Stubborn
3009,Impatient
3009,Indecisive
3009,Passive
3010,Chatty
3010,Impatient
3011,Selfish
3011,Immature
3011,Sensitive
3012,Stubborn
3013,Indifferent
3013,Stubborn
3013,Intolerant
3014,Immature
3015,Distracted
3016,Chaotic
3016,Indifferent
3016,Impatient
3017,Introverted
3017,Stubborn
3017,Slow
3018,Slow
3018,Undisciplined
3018,Selfish
3019,Selfish
3020,Sensitive
3020,Impulsive
3020,Overbearing
3021,Intolerant
3022,Distracted
3023,Anxious
3023,Sensitive
3024,Distracted
3024,Indecisive
3025,Sensitive
3025,Competitive
3025,Selfish
3026,Overbearing
3027,Controlling
3028,Stubborn
3029,Slow
3030,Intolerant
3030,Distracted
3030,Critical
3031,Introverted
3031,Indecisive
3032,Anxious
3033,Intolerant
3034,Undisciplined
3035,Procrastination
3035,Indifferent
3035,Stubborn
3036,Stubborn
3036,Conventional
3037,Overbearing
3037,Critical
3037,Controlling
3038,Introverted
3038,Competitive
3039,Indifferent
3039,Selfish
3040,Competitive
3040,Procrastination
3040,Stubborn
3041,Immature
3042,Immature
3043,Overbearing
3043,Indifferent
3044,Sensitive
3045,Undisciplined
3046,Overbearing
3046,Passive
3047,Impulsive
3047,Slow
3047,Indifferent
3048,Stubborn
3049,Controlling
3049,Sensitive
3050,Procrastination
3050,Indecisive
3051,Indecisive
3051,Distracted
3051,Undisciplined
3052,Conventional
3053,Impatient
3054,Chatty
3054,Competitive
3054,Chaotic
3055,Slow
3055,Competitive
3055,Distracted
3056,Conventional
3057,Undisciplined
3057,Sensitive
3058,Introverted
3058,Critical
3058,Undisciplined
3059,Impatient
3060,Indifferent
3060,Distracted
3060,Selfish
3061,Procrastination
3061,Overbearing
3061,Chatty
3062,Undisciplined
3063,Critical
3064,Passive
3064,Anxious
3065,Impulsive
3065,Procrastination
3066,Impulsive
3066,Sensitive
3067,Intolerant
3067,Impulsive
3067,Critical
3068,Sensitive
3068,Distracted
3069,Perfectionist
3069,Conventional
3070,Controlling
3071,Introverted
3071,Competitive
3071,Slow
3072,Controlling
3072,Indifferent
3072,Competitive
3073,Critical
3074,Conventional
3074,Chatty
3074,Passive
3075,Chatty
3075,Perfectionist
3076,Passive
3076,Slow
3077,Anxious
3078,Intolerant
3078,Perfectionist
3078,Distracted
3079,Indecisive
3079,Perfectionist
3079,Impatient
3080,Impulsive
3081,Impulsive
3081,Intolerant
3082,Indifferent
3082,Intolerant
3083,Overbearing
3084,Intolerant
3084,Sensitive
3085,Controlling
3085,Introverted
3086,Critical
3086,Passive
3086,Conventional
3087,Intolerant
3087,Controlling
3088,Perfectionist
3088,Distracted
3089,Impatient
3089,Chatty
3090,Undisciplined
3091,Critical
3091,Introverted
3091,Perfectionist
3092,Impulsive
3092,Selfish
3092,Distracted
3093,Sensitive
3093,Chaotic
3094,Overbearing
3094,Anxious
3095,Chaotic
3095,Indifferent
3096,Anxious
3097,Passive
3098,Conventional
3098,Perfectionist
3099,Introverted
3099,Chaotic
3099,Procrastination
3100,Slow
3101,Indifferent
3101,Intolerant
3101,Introverted
3102,Sensitive
3102,Overbearing
3102,Impatient
3103,Critical
3104,Stubborn
3105,Controlling
3105,Stubborn
